,year,rank,song_name,artist,likes,album_id,song_id
0,2022년,1,LOVE DIVE,IVE (아이브),"242,801",10909179,34847378
1,2022년,2,TOMBOY,(여자)아이들,"241,400",10890384,34754292
2,2022년,3,취중고백,김민석 (멜로망스),"173,287",10816959,34431086
3,2022년,4,사랑인가 봐,멜로망스,"194,126",10871162,34657844
4,2022년,5,사랑은 늘 도망가,임영웅,"202,918",10735654,34061322
5,2022년,6,ELEVEN,IVE (아이브),"188,924",10798794,34349913
6,2022년,7,봄여름가을겨울 (Still Life),BIGBANG (빅뱅),"299,168",10908834,34845949
7,2022년,8,다정히 내 이름을 부르면,경서예지,"177,702",10610525,33496587
8,2022년,9,That That (prod. & feat. SUGA of BTS),싸이 (PSY),"136,126",10937474,34997078
9,2022년,10,정이라고 하자 (Feat. 10CM),BIG Naughty (서동현),"216,848",10925762,34927767
10,2022년,11,신호등,이무진,"298,959",10607796,33480898
11,2022년,12,INVU,태연 (TAEYEON),"144,789",10863559,34626109
12,2022년,13,"회전목마 (Feat. Zion.T, 원슈타인) (Prod. Slom)",sokodomo,"223,821",10775252,34256568
13,2022년,14,Feel My Rhythm,Red Velvet (레드벨벳),"152,543",10894554,34772475
14,2022년,15,Hype boy,NewJeans,"280,329",11011565,35454426
15,2022년,16,GANADARA (Feat. 아이유),박재범,"134,555",10889981,34752700
16,2022년,17,Attention,NewJeans,"234,837",11011565,35454425
17,2022년,18,After LIKE,IVE (아이브),"236,559",11034298,35546497
18,2022년,19,나의 X에게,경서,"147,836",10929486,34943312
19,2022년,20,그때 그 순간 그대로 (그그그),WSG워너비 (가야G),"131,037",11000171,35383397
20,2022년,21,LOVE me,BE'O (비오),"147,080",10916904,34875621
21,2022년,22,Next Level,aespa,"261,165",10609232,33487342
22,2022년,23,리무진 (Feat. MINO) (Prod. GRAY),BE'O (비오),"193,174",10784974,34298499
23,2022년,24,드라마,아이유,"183,479",10827816,34481680
24,2022년,25,strawberry moon,아이유,"225,714",10743453,34101563
25,2022년,26,너의 모든 순간,성시경,"275,921",2232505,4446485
26,2022년,27,내가 아니라도,주호,"105,279",10897407,34787226
27,2022년,28,듣고 싶을까,MSG워너비(M.O.M),"89,261",10880544,34701627
28,2022년,29,너를 생각해,주시크 (Joosiq),"151,753",10716399,33978183
29,2022년,30,Dynamite,방탄소년단,"458,459",10479150,32872978
30,2022년,31,보고싶었어,WSG워너비(4FIRE),"130,429",11000171,35383398
31,2022년,32,SMILEY (Feat. BIBI),YENA (최예나),"147,804",10842611,34538515
32,2022년,33,Weekend,태연 (TAEYEON),"196,126",10645654,33655994
33,2022년,34,FEARLESS,LE SSERAFIM (르세라핌),"115,282",10939458,35009233
34,2022년,35,Butter,방탄소년단,"292,760",10612483,33507137
35,2022년,36,Pink Venom,BLACKPINK,"158,905",11033394,35542908
36,2022년,37,언제나 사랑해,케이시 (Kassy),"73,115",10857681,34599917
37,2022년,38,밤하늘의 별을(2020),경서,"224,201",10518234,33061995
38,2022년,39,새삥 (Prod. ZICO) (Feat. 호미들),지코 (ZICO),"148,919",11045985,35595136
39,2022년,40,Counting Stars (Feat. Beenzino),BE'O (비오),"170,853",10810162,34398735
40,2022년,41,"모든 날, 모든 순간 (Every day, Every Moment)",폴킴,"428,626",10149492,30962526
41,2022년,42,눈이 오잖아(Feat.헤이즈),이무진,"119,161",10801677,34360855
42,2022년,43,이제 나만 믿어요,임영웅,"170,754",10412319,32508053
43,2022년,44,OHAYO MY NIGHT,디핵 (D-Hack),"214,454",10447520,32698101
44,2022년,45,내 손을 잡아,아이유,"211,158",1286252,3414749
45,2022년,46,Permission to Dance,방탄소년단,"228,402",10648182,33666269
46,2022년,47,우리들의 블루스,임영웅,"98,299",10923444,34908740
47,2022년,48,바라만 본다,MSG워너비(M.O.M),"185,112",10638275,33625988
48,2022년,49,사건의 지평선,윤하 (YOUNHA),"312,607",10903868,34819473
49,2022년,50,Step Back,GOT the beat,"98,714",10830791,34494149
50,2022년,51,Celebrity,아이유,"335,210",10554246,33239419
51,2022년,52,MY BAG,(여자)아이들,"91,083",10890384,34754299
52,2022년,53,Savage,aespa,"159,706",10731792,34041584
53,2022년,54,POP!,나연 (TWICE),"94,467",10990161,35333345
54,2022년,55,그라데이션,10CM,"158,136",10995477,35361345
55,2022년,56,호랑수월가,탑현,"90,667",10842005,34535898
56,2022년,57,라일락,아이유,"255,669",10554246,33372781
57,2022년,58,봄날,방탄소년단,"551,019",10037969,30244931
58,2022년,59,문득,BE'O (비오),"136,377",10601149,33448767
59,2022년,60,Dreams Come True,aespa,"106,038",10818396,34436674
60,2022년,61,"어떻게 이별까지 사랑하겠어, 널 사랑하는 거지",AKMU (악뮤),"416,490",10331947,32061975
61,2022년,62,Love story,볼빨간사춘기,"119,314",10926502,34930368
62,2022년,63,만남은 쉽고 이별은 어려워 (Feat. Leellamarz) (Prod. TOIL),베이식 (Basick),"134,635",10784974,34298496
63,2022년,64,"사이렌 Remix (Feat. UNEDUCATED KID, Paul Blanco)",호미들,"167,795",10580227,33359725
64,2022년,65,아무래도 난,주시크 (Joosiq),"86,517",10903658,34817660
65,2022년,66,해요 (2022),#안녕,"87,769",10975276,35252996
66,2022년,67,Blueming,아이유,"357,355",10346650,32183386
67,2022년,68,찰나가 영원이 될 때 (The Eternal Moment),마크툽 (MAKTUB),"92,160",10716174,33976677
68,2022년,69,RUN2U,STAYC(스테이씨),"87,615",10873811,34668619
69,2022년,70,고백,멜로망스,"105,754",10695590,33868791
70,2022년,71,SNEAKERS,ITZY (있지),"80,296",11004992,35413033
71,2022년,72,롤린 (Rollin'),브레이브걸스,"300,545",10043575,30287019
72,2022년,73,헤픈 우연,헤이즈 (Heize),"195,369",10611845,33503722
73,2022년,74,Cookie,NewJeans,"142,066",11011565,35485544
74,2022년,75,다시 만날 수 있을까,임영웅,"79,985",10923444,35008524
75,2022년,76,FOREVER 1,소녀시대 (GIRLS' GENERATION),"110,098",11023224,35504734
76,2022년,77,겨울잠,아이유,"126,759",10827816,34481682
77,2022년,78,Shut Down,BLACKPINK,"123,301",11033394,35640077
78,2022년,79,Nxde,(여자)아이들,"162,828",11078852,35730562
79,2022년,80,Dun Dun Dance,오마이걸 (OH MY GIRL),"167,480",10604729,33464805
80,2022년,81,서랍,10CM,"91,146",10804190,34373632
81,2022년,82,도깨비불 (Illusion),aespa,"94,243",10972706,35238221
82,2022년,83,"스물다섯, 스물하나",자우림,"223,717",2210557,4276080
83,2022년,84,ANTIFRAGILE,LE SSERAFIM (르세라핌),"168,216",11078496,35729104
84,2022년,85,늦은 밤 헤어지긴 너무 아쉬워,케이시 (Kassy),"65,059",10960568,35177030
85,2022년,86,낙하 (with 아이유),AKMU (악뮤),"185,930",10661658,33725775
86,2022년,87,ZOOM,제시 (Jessi),"52,527",10918269,34883833
87,2022년,88,Girls,aespa,"75,638",10972706,35238220
88,2022년,89,Rush Hour (Feat. j-hope of BTS),Crush,"115,103",11062364,35665282
89,2022년,90,내 기쁨은 너가 벤틀리를 끄는 거야,김승민,"108,042",10743373,34100776
90,2022년,91,"너, 너 (N번째 연애 X 휘인 (Whee In))",휘인 (Whee In),"44,896",10865624,34632789
91,2022년,92,Yet To Come,방탄소년단,"128,894",10979636,35272060
92,2022년,93,Christmas Tree,V,"127,802",10823566,34461065
93,2022년,94,무지개,임영웅,"68,443",10923444,35008525
94,2022년,95,Monologue,테이,"90,565",11057545,35643794
95,2022년,96,오늘도 빛나는 너에게 (To You My Light) (Feat.이라온),마크툽 (MAKTUB),"283,892",10294603,31853557
96,2022년,97,존재만으로,원슈타인,"94,977",10880569,34701816
97,2022년,98,취기를 빌려 (취향저격 그녀 X 산들),산들,"236,205",10463600,32794652
98,2022년,99,우리가 헤어져야 했던 이유,비비 (BIBI),"79,237",10810337,34399272
99,2022년,100,추억은 만남보다 이별에 남아,정동하,"105,726",10556610,33248758
100,2021년,1,Celebrity,아이유,"335,210",10554246,33239419
101,2021년,2,롤린 (Rollin'),브레이브걸스,"300,545",10043575,30287019
102,2021년,3,Dynamite,방탄소년단,"458,459",10479150,32872978
103,2021년,4,Next Level,aespa,"261,165",10609232,33487342
104,2021년,5,라일락,아이유,"255,669",10554246,33372781
105,2021년,6,밤하늘의 별을(2020),경서,"224,201",10518234,33061995
106,2021년,7,신호등,이무진,"298,959",10607796,33480898
107,2021년,8,Butter,방탄소년단,"292,760",10612483,33507137
108,2021년,9,내 손을 잡아,아이유,"211,158",1286252,3414749
109,2021년,10,밝게 빛나는 별이 되어 비춰줄게,송이한,"131,997",10540298,33167063
110,2021년,11,바라만 본다,MSG워너비(M.O.M),"185,112",10638275,33625988
111,2021년,12,잠이 오질 않네요,장범준,"167,202",10508266,33013877
112,2021년,13,헤픈 우연,헤이즈 (Heize),"195,369",10611845,33503722
113,2021년,14,Lovesick Girls,BLACKPINK,"234,450",10498032,32961718
114,2021년,15,취기를 빌려 (취향저격 그녀 X 산들),산들,"236,205",10463600,32794652
115,2021년,16,VVS (Feat. JUSTHIS) (Prod. GroovyRoom),미란이 (MIRANI),"210,498",10521601,33077590
116,2021년,17,운전만해 (We Ride),브레이브걸스,"137,088",10476623,32860397
117,2021년,18,Dun Dun Dance,오마이걸 (OH MY GIRL),"167,480",10604729,33464805
118,2021년,19,Blueming,아이유,"357,355",10346650,32183386
119,2021년,20,에잇(Prod.&Feat. SUGA of BTS),아이유,"394,969",10426648,32578498
120,2021년,21,"어떻게 이별까지 사랑하겠어, 널 사랑하는 거지",AKMU (악뮤),"416,490",10331947,32061975
121,2021년,22,오래된 노래,스탠딩 에그,"261,186",2148596,3894276
122,2021년,23,흔들리는 꽃들 속에서 네 샴푸향이 느껴진거야,장범준,"314,700",10320500,32003395
123,2021년,24,그날에 나는 맘이 편했을까,이예준,"93,543",10527955,33107649
124,2021년,25,Life Goes On,방탄소년단,"244,784",10521521,33077234
125,2021년,26,"모든 날, 모든 순간 (Every day, Every Moment)",폴킴,"428,626",10149492,30962526
126,2021년,27,"LOVE DAY (2021) (바른연애 길잡이 X 양요섭, 정은지)",양요섭,"124,503",10573486,33331004
127,2021년,28,나랑 같이 걸을래 (바른연애 길잡이 X 적재),적재,"146,802",10507546,33011180
128,2021년,29,작은 것들을 위한 시 (Boy With Luv) (Feat. Halsey),방탄소년단,"443,958",10273641,31737197
129,2021년,30,ASAP,STAYC(스테이씨),"153,795",10589127,33397561
130,2021년,31,METEOR,창모 (CHANGMO),"302,022",10359162,32224272
131,2021년,32,Timeless,SG 워너비,"119,897",399659,1944399
132,2021년,33,"사이렌 Remix (Feat. UNEDUCATED KID, Paul Blanco)",호미들,"167,795",10580227,33359725
133,2021년,34,아로하,조정석,"248,490",10409054,32491274
134,2021년,35,Weekend,태연 (TAEYEON),"196,126",10645654,33655994
135,2021년,36,Dolphin,오마이걸 (OH MY GIRL),"205,607",10423289,32559782
136,2021년,37,봄날,방탄소년단,"551,019",10037969,30244931
137,2021년,38,Permission to Dance,방탄소년단,"228,402",10648182,33666269
138,2021년,39,멜로디,ASH ISLAND,"149,608",10570193,33315511
139,2021년,40,추억은 만남보다 이별에 남아,정동하,"105,726",10556610,33248758
140,2021년,41,OHAYO MY NIGHT,디핵 (D-Hack),"214,454",10447520,32698101
141,2021년,42,오늘도 빛나는 너에게 (To You My Light) (Feat.이라온),마크툽 (MAKTUB),"283,892",10294603,31853557
142,2021년,43,낙하 (with 아이유),AKMU (악뮤),"185,930",10661658,33725775
143,2021년,44,이제 나만 믿어요,임영웅,"170,754",10412319,32508053
144,2021년,45,사실 나는 (Feat.전건호),경서예지,"101,300",10416034,32525311
145,2021년,46,다정히 내 이름을 부르면,경서예지,"177,702",10610525,33496587
146,2021년,47,On The Ground,로제 (ROSÉ),"163,795",10576966,33346446
147,2021년,48,힘든 건 사랑이 아니다,임창정,"115,814",10505118,32998018
148,2021년,49,어떻게 지내 (Prod. By VAN.C),오반,"204,802",10399190,32438894
149,2021년,50,이 밤을 빌려 말해요 (바른연애 길잡이 X 10CM),10CM,"103,372",10552055,33229299
150,2021년,51,너의 번호를 누르고 (Prod. 영화처럼),#안녕,"132,186",10359126,32224166
151,2021년,52,Coin,아이유,"120,257",10554246,33372783
152,2021년,53,늦은 밤 너의 집 앞 골목길에서,노을,"211,688",10348811,32156286
153,2021년,54,어푸 (Ah puh),아이유,"135,321",10554246,33372788
154,2021년,55,How You Like That,BLACKPINK,"203,500",10451566,32720013
155,2021년,56,상상더하기,라붐 (LABOUM),"135,761",2677681,8130796
156,2021년,57,비와 당신,이무진,"116,949",10631122,33589488
157,2021년,58,라라라,SG 워너비,"93,017",376502,1854856
158,2021년,59,마음을 드려요,아이유,"248,890",10388744,32378104
159,2021년,60,살짝 설렜어 (Nonstop),오마이걸 (OH MY GIRL),"195,383",10423289,32559781
160,2021년,61,좋아좋아,조정석,"90,869",10653694,33691794
161,2021년,62,내 마음이 움찔했던 순간 (취향저격 그녀 X 규현),규현 (KYUHYUN),"122,239",10478925,32871975
162,2021년,63,치맛바람 (Chi Mat Ba Ram),브레이브걸스,"97,172",10631055,33589260
163,2021년,64,안녕 (Hello),조이 (JOY),"134,362",10614899,33527705
164,2021년,65,Alcohol-Free,TWICE (트와이스),"92,727",10623687,33559180
165,2021년,66,"내일이 오면 (Feat. 기리보이, BIG Naughty (서동현))",릴보이 (lIlBOI),"135,441",10529161,33115807
166,2021년,67,Love poem,아이유,"346,208",10346650,32143487
167,2021년,68,너를 만나,폴킴,"323,085",10217134,31388145
168,2021년,69,내사람,SG 워너비,"74,214",332658,1500196
169,2021년,70,When We Disco (Duet with 선미),박진영,"82,976",10475061,32853712
170,2021년,71,상상더하기,"MSG워너비 TOP 8 (별루지, 김정수, 강창모, 정기석, 이동휘, 이상이, 박재정, 원슈타인)","65,616",10613163,33510307
171,2021년,72,시작,가호 (Gaho),"251,035",10381712,32345931
172,2021년,73,우리 왜 헤어져야 해,신예영,"140,459",10353881,32187544
173,2021년,74,하루만 더,빅마마,"61,342",10636091,33618271
174,2021년,75,혼술하고 싶은 밤,벤,"54,362",10527241,33104090
175,2021년,76,나를 아는 사람,MSG워너비(정상동기),"71,112",10638275,33625989
176,2021년,77,안녕,폴킴,"217,809",10317137,31984204
177,2021년,78,DUMB DUMB,전소미,"101,559",10667450,33749109
178,2021년,79,서면역에서,순순희,"63,733",10425277,32570501
179,2021년,80,거짓말이라도 해서 널 보고싶어,백지영,"84,990",10460544,32777869
180,2021년,81,고백 (바른연애 길잡이 X 허각),허각,"49,125",10559322,33260801
181,2021년,82,우린 어쩌다 헤어진 걸까,허각,"51,342",10539679,33164083
182,2021년,83,Downtown Baby,블루 (BLOO),"204,739",10117789,30773554
183,2021년,84,strawberry moon,아이유,"225,714",10743453,34101563
184,2021년,85,Savage,aespa,"159,706",10731792,34041584
185,2021년,86,마.피.아. In the morning,ITZY (있지),"69,763",10600760,33447280
186,2021년,87,Queendom,Red Velvet (레드벨벳),"121,956",10680450,33805289
187,2021년,88,그냥 안아달란 말야,다비치,"49,172",10590812,33405149
188,2021년,89,아이와 나의 바다,아이유,"186,626",10554246,33372787
189,2021년,90,가을 우체국 앞에서,김대명,"63,482",10636269,33618864
190,2021년,91,"회전목마 (Feat. Zion.T, 원슈타인) (Prod. Slom)",sokodomo,"223,821",10775252,34256568
191,2021년,92,사랑은 지날수록 더욱 선명하게 남아,전상근,"77,134",10440381,32651098
192,2021년,93,이렇게 좋아해 본 적이 없어요,CHEEZE (치즈),"80,137",10577197,33347390
193,2021년,94,마리아 (Maria),화사 (HWASA),"163,451",10452351,32725013
194,2021년,95,딩가딩가 (Dingga),마마무 (Mamamoo),"70,837",10505830,33001672
195,2021년,96,함께 했는데 이별은 나 혼자인 거야,이소정,"52,848",10566182,33295747
196,2021년,97,비가 오는 날엔 (2021),헤이즈 (Heize),"85,269",10670618,33759183
197,2021년,98,살다가,SG 워너비,"75,063",50578,711626
198,2021년,99,별빛 같은 나의 사랑아,임영웅,"77,539",10575005,33337651
199,2021년,100,"CREDIT (Feat. 염따, 기리보이, Zion.T)",릴보이 (lIlBOI),"85,554",10536658,33150997
200,2020년,1,아무노래,지코 (ZICO),"278,818",10375118,32313543
201,2020년,2,METEOR,창모 (CHANGMO),"302,022",10359162,32224272
202,2020년,3,아로하,조정석,"248,490",10409054,32491274
203,2020년,4,흔들리는 꽃들 속에서 네 샴푸향이 느껴진거야,장범준,"314,700",10320500,32003395
204,2020년,5,에잇(Prod.&Feat. SUGA of BTS),아이유,"394,969",10426648,32578498
205,2020년,6,Blueming,아이유,"357,355",10346650,32183386
206,2020년,7,늦은 밤 너의 집 앞 골목길에서,노을,"211,688",10348811,32156286
207,2020년,8,시작,가호 (Gaho),"251,035",10381712,32345931
208,2020년,9,작은 것들을 위한 시 (Boy With Luv) (Feat. Halsey),방탄소년단,"443,958",10273641,31737197
209,2020년,10,Psycho,Red Velvet (레드벨벳),"241,121",10368053,32273582
210,2020년,11,"어떻게 이별까지 사랑하겠어, 널 사랑하는 거지",AKMU (악뮤),"416,490",10331947,32061975
211,2020년,12,Dynamite,방탄소년단,"458,459",10479150,32872978
212,2020년,13,마음을 드려요,아이유,"248,890",10388744,32378104
213,2020년,14,처음처럼,엠씨더맥스 (M.C the MAX),"116,740",10408131,32486613
214,2020년,15,How You Like That,BLACKPINK,"203,500",10451566,32720013
215,2020년,16,살짝 설렜어 (Nonstop),오마이걸 (OH MY GIRL),"195,383",10423289,32559781
216,2020년,17,ON,방탄소년단,"262,600",10377346,32399830
217,2020년,18,오늘도 빛나는 너에게 (To You My Light) (Feat.이라온),마크툽 (MAKTUB),"283,892",10294603,31853557
218,2020년,19,Downtown Baby,블루 (BLOO),"204,739",10117789,30773554
219,2020년,20,마리아 (Maria),화사 (HWASA),"163,451",10452351,32725013
220,2020년,21,어떻게 지내 (Prod. By VAN.C),오반,"204,802",10399190,32438894
221,2020년,22,"모든 날, 모든 순간 (Every day, Every Moment)",폴킴,"428,626",10149492,30962526
222,2020년,23,다시 여기 바닷가,"싹쓰리 (유두래곤, 린다G, 비룡)","243,257",10462799,32790516
223,2020년,24,Dolphin,오마이걸 (OH MY GIRL),"205,607",10423289,32559782
224,2020년,25,사랑하게 될 줄 알았어,전미도,"156,685",10433754,32614125
225,2020년,26,안녕,폴킴,"217,809",10317137,31984204
226,2020년,27,그때 그 아인,김필,"146,674",10388581,32377231
227,2020년,28,취기를 빌려 (취향저격 그녀 X 산들),산들,"236,205",10463600,32794652
228,2020년,29,Love poem,아이유,"346,208",10346650,32143487
229,2020년,30,HIP,마마무 (Mamamoo),"141,147",10351886,32175937
230,2020년,31,우리 왜 헤어져야 해,신예영,"140,459",10353881,32187544
231,2020년,32,좋은 사람 있으면 소개시켜줘,조이 (JOY),"132,298",10405712,32473998
232,2020년,33,너를 사랑하고 있어,백현 (BAEKHYUN),"176,758",10372655,32298623
233,2020년,34,봄날,방탄소년단,"551,019",10037969,30244931
234,2020년,35,Black Swan,방탄소년단,"200,590",10377346,32323969
235,2020년,36,Summer Hate (Feat. 비),지코 (ZICO),"119,614",10453701,32734372
236,2020년,37,나비와 고양이 (feat.백현 (BAEKHYUN)),볼빨간사춘기,"178,396",10427559,32583036
237,2020년,38,"다시 난, 여기",백예린 (Yerin Baek),"134,544",10374783,32311870
238,2020년,39,눈누난나 (NUNU NANA),제시 (Jessi),"107,017",10469416,32825454
239,2020년,40,돌덩이,하현우 (국카스텐),"124,325",10385262,32361098
240,2020년,41,오래된 노래,스탠딩 에그,"261,186",2148596,3894276
241,2020년,42,사랑이란 멜로는 없어,전상근,"140,552",10326710,32034629
242,2020년,43,반만,진민호,"74,655",10359204,32224409
243,2020년,44,시든 꽃에 물을 주듯,HYNN (박혜원),"222,500",10267986,31703498
244,2020년,45,너를 만나,폴킴,"323,085",10217134,31388145
245,2020년,46,Square (2017),백예린 (Yerin Baek),"290,863",10362776,32243273
246,2020년,47,FIESTA,IZ*ONE (아이즈원),"145,669",10389281,32381408
247,2020년,48,덤더럼 (Dumhdurum),Apink (에이핑크),"94,860",10416723,32528369
248,2020년,49,"아마두 (feat.우원재, 김효은, 넉살, Huckleberry P)",염따,"166,093",10359994,32228058
249,2020년,50,조금 취했어 (Prod. 2soo),임재현,"130,594",10331499,32059630
250,2020년,51,00:00 (Zero O’Clock),방탄소년단,"188,629",10377346,32399832
251,2020년,52,When We Disco (Duet with 선미),박진영,"82,976",10475061,32853712
252,2020년,53,이제 나만 믿어요,임영웅,"170,754",10412319,32508053
253,2020년,54,보라빛 밤 (pporappippam),선미,"96,586",10452354,32725022
254,2020년,55,WANNABE,ITZY (있지),"124,092",10400522,32445339
255,2020년,56,홀로,이하이,"154,181",10465994,32808616
256,2020년,57,화려하지 않은 고백,규현 (KYUHYUN),"87,416",10412335,32508146
257,2020년,58,MORE & MORE,TWICE (트와이스),"82,675",10437786,32636656
258,2020년,59,Lovesick Girls,BLACKPINK,"234,450",10498032,32961718
259,2020년,60,Into the I-LAND,아이유,"139,124",10447670,32698765
260,2020년,61,포장마차,황인욱,"162,825",10298014,31873020
261,2020년,62,친구,방탄소년단,"186,071",10377346,32399834
262,2020년,63,사랑은 지날수록 더욱 선명하게 남아,전상근,"77,134",10440381,32651098
263,2020년,64,내 마음이 움찔했던 순간 (취향저격 그녀 X 규현),규현 (KYUHYUN),"122,239",10478925,32871975
264,2020년,65,빌었어,창모 (CHANGMO),"147,497",10359162,32224271
265,2020년,66,다시 만날까 봐,V.O.S,"97,843",10324004,32021744
266,2020년,67,"다시는 사랑하지 않고, 이별에 아파하기 싫어",백지영,"76,061",10367659,32271720
267,2020년,68,사랑에 연습이 있었다면 (Prod. 2soo),임재현,"229,268",10207131,31324607
268,2020년,69,Filter,방탄소년단,"159,462",10377346,32399827
269,2020년,70,사랑이 식었다고 말해도 돼,먼데이 키즈 (Monday Kiz),"129,957",10290621,31829536
270,2020년,71,DON'T TOUCH ME,환불원정대,"156,634",10501191,32978341
271,2020년,72,나의 오랜 연인에게,다비치,"90,940",10359789,32226962
272,2020년,73,마음이 말하는 행복 (Happiness) (Feat.이라온),마크툽 (MAKTUB),"74,275",10369830,32282389
273,2020년,74,그 여름을 틀어줘,"싹쓰리 (유두래곤, 린다G, 비룡)","91,439",10467129,32814383
274,2020년,75,여름 안에서 by 싹쓰리 (Feat. 황광희),"싹쓰리 (유두래곤, 린다G, 비룡)","100,773",10459197,32768945
275,2020년,76,주저하는 연인들을 위해,잔나비,"396,989",10260858,31666417
276,2020년,77,Moon,방탄소년단,"163,224",10377346,32399835
277,2020년,78,니 소식,송하예,"205,573",10283614,31788850
278,2020년,79,그대 고운 내사랑,어반자카파,"54,370",10415229,32521396
279,2020년,80,거짓말이라도 해서 널 보고싶어,백지영,"84,990",10460544,32777869
280,2020년,81,힘든 건 사랑이 아니다,임창정,"115,814",10505118,32998018
281,2020년,82,시차,방탄소년단,"142,332",10377346,32399828
282,2020년,83,있어줘요,장덕철,"88,345",10336518,32085144
283,2020년,84,기억해줘요 내 모든 날과 그때를,거미,"163,055",10314289,31967064
284,2020년,85,어느 60대 노부부이야기,임영웅,"78,776",10391899,32397381
285,2020년,86,헤어진 우리가 지켜야 할 것들,김나영,"80,275",10359196,32224383
286,2020년,87,둘만의 세상으로 가,Crush,"59,542",10385896,32364000
287,2020년,88,취했나봐,황인욱,"54,257",10434085,32616054
288,2020년,89,새 사랑,송하예,"100,313",10337665,32091557
289,2020년,90,덤디덤디 (DUMDi DUMDi),(여자)아이들,"127,276",10470992,32833393
290,2020년,91,We are Bulletproof : the Eternal,방탄소년단,"147,378",10377346,32399837
291,2020년,92,19금 BAND,창모 (CHANGMO),"140,407",10294820,31854689
292,2020년,93,깡 Official Remix,식케이 (Sik-K),"71,703",10439549,32646938
293,2020년,94,그대라는 시,태연 (TAEYEON),"235,808",10309213,31938460
294,2020년,95,Inner Child,방탄소년단,"145,010",10377346,32399833
295,2020년,96,사계 (Four Seasons),태연 (TAEYEON),"267,915",10265079,31688205
296,2020년,97,찐이야,영탁,"68,727",10402513,32457751
297,2020년,98,비,폴킴,"307,618",2692501,8235260
298,2020년,99,"너에게 난, 나에게 넌",미도와 파라솔,"79,388",10436942,32631950
299,2020년,100,어떤 날엔,김재환,"65,880",10377241,32323639
300,2019년,1,사랑에 연습이 있었다면 (Prod. 2soo),임재현,"229,268",10207131,31324607
301,2019년,2,그때가 좋았어,케이시 (Kassy),"249,027",10237420,31524320
302,2019년,3,작은 것들을 위한 시 (Boy With Luv) (Feat. Halsey),방탄소년단,"443,958",10273641,31737197
303,2019년,4,넘쳐흘러,엠씨더맥스 (M.C the MAX),"170,340",10238710,31532643
304,2019년,5,"모든 날, 모든 순간 (Every day, Every Moment)",폴킴,"428,626",10149492,30962526
305,2019년,6,너를 만나,폴킴,"323,085",10217134,31388145
306,2019년,7,사계 (Four Seasons),태연 (TAEYEON),"267,915",10265079,31688205
307,2019년,8,주저하는 연인들을 위해,잔나비,"396,989",10260858,31666417
308,2019년,9,니 소식,송하예,"205,573",10283614,31788850
309,2019년,10,오늘도 빛나는 너에게 (To You My Light) (Feat.이라온),마크툽 (MAKTUB),"283,892",10294603,31853557
310,2019년,11,벌써 12시,청하,"170,122",10238683,31532438
311,2019년,12,술이 문제야,장혜진,"157,641",10297571,31870517
312,2019년,13,옥탑방 (Rooftop),엔플라잉 (N.Flying),"289,635",10238711,31532656
313,2019년,14,달라달라,ITZY (있지),"173,186",10250473,31606729
314,2019년,15,노래방에서,장범준,"209,176",10264375,31684636
315,2019년,16,이 노래가 클럽에서 나온다면,우디 (Woody),"157,576",10245121,31576009
316,2019년,17,포장마차,황인욱,"162,825",10298014,31873020
317,2019년,18,"나만, 봄",볼빨간사춘기,"196,511",10268898,31709523
318,2019년,19,사계 (하루살이),엠씨더맥스 (M.C the MAX),"131,669",10238710,31532642
319,2019년,20,안녕,폴킴,"217,809",10317137,31984204
320,2019년,21,180도,벤,"170,050",10230497,31477685
321,2019년,22,너에게 못했던 내 마지막 말은,다비치,"173,401",10286309,31804010
322,2019년,23,신용재,하은 (포맨),"141,138",10219644,31406357
323,2019년,24,흔들리는 꽃들 속에서 네 샴푸향이 느껴진거야,장범준,"314,700",10320500,32003395
324,2019년,25,"어떻게 이별까지 사랑하겠어, 널 사랑하는 거지",AKMU (악뮤),"416,491",10331947,32061975
325,2019년,26,솔직하게 말해서 나,김나영,"157,528",10294763,31854442
326,2019년,27,사월이 지나면 우리 헤어져요 (Beautiful goodbye),첸 (CHEN),"174,851",10268441,31706215
327,2019년,28,FANCY,TWICE (트와이스),"139,246",10276861,31754579
328,2019년,29,헤어져줘서 고마워,벤,"137,461",10302879,31901475
329,2019년,30,사랑이 식었다고 말해도 돼,먼데이 키즈 (Monday Kiz),"129,957",10290621,31829536
330,2019년,31,시든 꽃에 물을 주듯,HYNN (박혜원),"222,500",10267986,31703498
331,2019년,32,초록빛,폴킴,"151,879",10243480,31565593
332,2019년,33,기억해줘요 내 모든 날과 그때를,거미,"163,055",10314289,31967064
333,2019년,34,그대라는 시,태연 (TAEYEON),"235,808",10309213,31938460
334,2019년,35,Way Back Home,숀 (SHAUN),"364,454",10179508,31151836
335,2019년,36,봄날,방탄소년단,"551,019",10037969,30244931
336,2019년,37,IDOL,방탄소년단,"320,333",10197480,31266290
337,2019년,38,멍청이(twit),화사 (HWASA),"134,074",10250874,31608765
338,2019년,39,신청곡 (Feat. SUGA of BTS),이소라,"227,458",10244499,31571110
339,2019년,40,띵 (Prod. By 기리보이),Jvcki Wai,"141,642",10241866,31554317
340,2019년,41,너도 그냥 날 놓아주면 돼,윤건,"138,418",10227145,31455159
341,2019년,42,당신과는 천천히,장범준,"123,648",10264375,31684634
342,2019년,43,Kill This Love,BLACKPINK,"155,461",10270288,31717822
343,2019년,44,이별하러 가는 길,임한별,"153,869",10203965,31304766
344,2019년,45,SOLO,제니 (JENNIE),"222,787",10221424,31417871
345,2019년,46,비,폴킴,"307,618",2692501,8235260
346,2019년,47,내 생에 아름다운,케이윌,"175,120",10214874,31373277
347,2019년,48,YES or YES,TWICE (트와이스),"161,803",10219298,31403163
348,2019년,49,Love Shot,EXO,"199,636",10232781,31492319
349,2019년,50,Goodbye,박효신,"175,612",10281385,31777113
350,2019년,51,별 보러 갈래?,볼빨간사춘기,"126,797",10268898,31709524
351,2019년,52,그건 아마 우리의 잘못은 아닐 거야,백예린 (Yerin Baek),"195,835",10262378,31674786
352,2019년,53,술이 달다 (Feat. Crush),에픽하이 (EPIK HIGH),"112,991",10259609,31658897
353,2019년,54,아낙네,MINO (송민호),"192,305",10226163,31448480
354,2019년,55,조금 취했어 (Prod. 2soo),임재현,"130,594",10331499,32059630
355,2019년,56,워커홀릭,볼빨간사춘기,"151,839",10327581,32038651
356,2019년,57,Snapping,청하,"110,625",10299371,31879867
357,2019년,58,삐삐,아이유,"295,421",10210535,31346009
358,2019년,59,고백,양다일,"152,396",10212203,31356458
359,2019년,60,19금 BAND,창모 (CHANGMO),"140,407",10294820,31854689
360,2019년,61,MILLIONS,WINNER,"169,537",10234872,31506637
361,2019년,62,사랑이란 멜로는 없어,전상근,"140,552",10326710,32034629
362,2019년,63,지나오다,닐로(Nilo),"263,622",10106853,30699142
363,2019년,64,흔한 이별,허각,"86,531",10226943,31453551
364,2019년,65,인사,멜로망스,"91,137",10305070,31914848
365,2019년,66,고고베베 (gogobebe),마마무 (Mamamoo),"87,088",10261306,31668491
366,2019년,67,가을 타나 봐,바이브,"182,012",10205439,31314144
367,2019년,68,가을밤 떠난 너,케이시 (Kassy),"138,511",10325945,32031043
368,2019년,69,봄 (feat. 산다라박),박봄 (Park Bom),"97,571",10260433,31663597
369,2019년,70,열애중,벤,"194,885",10164839,31062863
370,2019년,71,소우주 (Mikrokosmos),방탄소년단,"270,568",10273641,31737198
371,2019년,72,밤편지,아이유,"463,390",10047890,30314784
372,2019년,73,진심이 담긴 노래 (True Song),케이시 (Kassy),"117,739",10267222,31699965
373,2019년,74,너는 어땠을까,노을,"114,330",10219296,31403156
374,2019년,75,나의 어깨에 기대어요,10CM,"118,946",10309152,31938046
375,2019년,76,내 맘을 볼 수 있나요,헤이즈 (Heize),"106,772",10311752,31952592
376,2019년,77,Love poem,아이유,"346,208",10346650,32143487
377,2019년,78,Tempo,EXO,"207,193",10218750,31399721
378,2019년,79,헤어지자 (Prod. 정키),휘인 (Whee In),"121,551",10325421,32028531
379,2019년,80,늦은 밤 너의 집 앞 골목길에서,노을,"211,688",10348811,32156286
380,2019년,81,Dance The Night Away,TWICE (트와이스),"192,524",10183127,31175119
381,2019년,82,하루도 그대를 사랑하지 않은 적이 없었다,임창정,"177,364",10205805,31316695
382,2019년,83,새 사랑,송하예,"100,313",10337665,32091557
383,2019년,84,내 목소리 들리니,벤,"73,045",10316828,31983112
384,2019년,85,Good Day (Feat. 팔로알토) (Prod. 코드 쿤스트),pH-1,"198,211",10209647,31340985
385,2019년,86,Done For Me,펀치 (Punch),"105,441",10318623,31993173
386,2019년,87,누구 없소 (NO ONE) (Feat. B.I of iKON),이하이,"77,525",10292330,31841027
387,2019년,88,아름답고도 아프구나,비투비,"182,531",10215293,31417922
388,2019년,89,"아퍼 (Feat. Kid Milli, Lil tachi, 김승민, NO:EL, C JAMM)",기리보이,"116,353",10295207,31856628
389,2019년,90,Make It Right,방탄소년단,"197,826",10273641,31737199
390,2019년,91,We don't talk together (Feat. 기리보이) (Prod. SUGA),헤이즈 (Heize),"150,376",10303989,31908033
391,2019년,92,있어줘요,장덕철,"88,345",10336518,32085144
392,2019년,93,뜨거운 여름밤은 가고 남은 건 볼품없지만,잔나비,"197,842",2702242,8298724
393,2019년,94,그러나,10CM,"81,402",10258451,31652857
394,2019년,95,AH YEAH (아예),WINNER,"118,971",10285396,31798464
395,2019년,96,Blueming,아이유,"357,355",10346650,32183386
396,2019년,97,"인기 (Feat. 송가인, 챈슬러)",MC몽,"82,672",10344095,32128104
397,2019년,98,ICY,ITZY (있지),"99,396",10312251,31955739
398,2019년,99,눈 (Prod. 기리보이),Lil tachi,"129,404",10261773,31671295
399,2019년,100,오늘 밤에,홍진영,"60,539",10259010,31655897
400,2018년,1,사랑을 했다 (LOVE SCENARIO),iKON,"334,312",10132945,30859584
401,2018년,2,그날처럼,장덕철,"254,474",10115186,30755375
402,2018년,3,"모든 날, 모든 순간 (Every day, Every Moment)",폴킴,"428,626",10149492,30962526
403,2018년,4,지나오다,닐로(Nilo),"263,622",10106853,30699142
404,2018년,5,뿜뿜,모모랜드 (MOMOLAND),"151,068",10124822,30816860
405,2018년,6,뚜두뚜두 (DDU-DU DDU-DU),BLACKPINK,"259,635",10176415,31131273
406,2018년,7,선물,멜로망스,"351,245",10078176,30514366
407,2018년,8,Way Back Home,숀 (SHAUN),"364,455",10179508,31151836
408,2018년,9,그때 헤어지면 돼,로이킴,"241,713",10137574,30884950
409,2018년,10,여행,볼빨간사춘기,"300,243",10170069,31093710
410,2018년,11,You,멜로망스,"186,610",10131018,30849733
411,2018년,12,별이 빛나는 밤,마마무 (Mamamoo),"181,592",10145303,30937275
412,2018년,13,주지마,로꼬,"208,055",10160487,31035061
413,2018년,14,Roller Coaster,청하,"190,829",10129940,30844118
414,2018년,15,My Way,이수 (엠씨더맥스),"165,210",10110396,30721801
415,2018년,16,DNA,방탄소년단,"375,070",10097112,30637982
416,2018년,17,가을 안부,먼데이 키즈 (Monday Kiz),"183,876",10102177,30669593
417,2018년,18,FAKE LOVE,방탄소년단,"338,449",10168559,31085237
418,2018년,19,봄날,방탄소년단,"551,019",10037969,30244931
419,2018년,20,Dance The Night Away,TWICE (트와이스),"192,524",10183127,31175119
420,2018년,21,꽃 길,BIGBANG (빅뱅),"236,647",10147314,30948698
421,2018년,22,밤편지,아이유,"463,390",10047890,30314784
422,2018년,23,열애중,벤,"194,885",10164839,31062863
423,2018년,24,미안해,양다일,"217,414",10123639,30809895
424,2018년,25,비행운,문문 (MoonMoon),"227,351",10013929,30086173
425,2018년,26,What is Love?,TWICE (트와이스),"162,349",10156195,31006730
426,2018년,27,instagram,DEAN,"288,850",10122929,30806580
427,2018년,28,그리워하다,비투비,"302,082",10102658,30672529
428,2018년,29,이 별,길구봉구,"173,162",10097064,30637776
429,2018년,30,Bad Boy,Red Velvet (레드벨벳),"192,339",10134032,30864993
430,2018년,31,밤이 되니까,펀치 (Punch),"218,757",10100577,30659630
431,2018년,32,Forever Young,BLACKPINK,"211,763",10176415,31131274
432,2018년,33,Beautiful,Wanna One (워너원),"239,301",10111029,30725482
433,2018년,34,Heart Shaker,TWICE (트와이스),"155,968",10118955,30781481
434,2018년,35,밤 (Time for the moon night),여자친구 (GFRIEND),"171,528",10163106,31052421
435,2018년,36,에너제틱 (Energetic),Wanna One (워너원),"290,816",10085951,30568338
436,2018년,37,좋니,윤종신,"360,450",10073513,30486509
437,2018년,38,하루도 그대를 사랑하지 않은 적이 없었다,임창정,"177,364",10205805,31316695
438,2018년,39,#첫사랑,볼빨간사춘기,"132,707",10127486,30829858
439,2018년,40,붕붕 (Feat. 식케이) (Prod. GroovyRoom),김하온 (HAON),"193,375",10158254,31019584
440,2018년,41,소나기 (Feat. 10cm),용준형,"163,253",10150572,30970444
441,2018년,42,비도 오고 그래서 (Feat. 신용재),헤이즈 (Heize),"314,526",10074454,30492279
442,2018년,43,1도 없어,Apink (에이핑크),"116,166",10181013,31161280
443,2018년,44,Universe,EXO,"188,147",10122917,30806536
444,2018년,45,너 없인 안 된다,비투비,"211,121",10175106,31133898
445,2018년,46,삐삐,아이유,"295,421",10210535,31346009
446,2018년,47,all of my life,박원,"249,742",10083290,30550388
447,2018년,48,넋두리,닐로(Nilo),"125,778",2710553,9642570
448,2018년,49,너나 해 (Egotistic),마마무 (Mamamoo),"127,860",10185416,31189241
449,2018년,50,주인공,선미,"113,014",10128855,30838076
450,2018년,51,가을 타나 봐,바이브,"182,012",10205439,31314144
451,2018년,52,동화,멜로망스,"135,769",10181438,31164090
452,2018년,53,비,폴킴,"307,618",2692501,8235260
453,2018년,54,Jenga (Feat. Gaeko),헤이즈 (Heize),"126,438",10145963,30939452
454,2018년,55,BOOMERANG (부메랑),Wanna One (워너원),"145,272",10144723,30960341
455,2018년,56,시차 (We Are) (Feat. 로꼬 & GRAY),우원재,"351,642",10093389,30613202
456,2018년,57,빨간 맛 (Red Flavor),Red Velvet (레드벨벳),"235,448",10077879,30512671
457,2018년,58,사이렌 (Siren),선미,"136,640",10200838,31286161
458,2018년,59,Power Up,Red Velvet (레드벨벳),"167,883",10191694,31230093
459,2018년,60,눈사람,정승환,"246,446",10136251,30877002
460,2018년,61,전하지 못한 진심 (Feat. Steve Aoki),방탄소년단,"273,574",10168559,31085238
461,2018년,62,LIKEY,TWICE (트와이스),"147,934",10107114,30700708
462,2018년,63,마지막처럼,BLACKPINK,"242,264",10072696,30481578
463,2018년,64,EVERYDAY,WINNER,"156,794",10154916,30997649
464,2018년,65,눈 떠보니 이별이더라,포맨 (4MEN),"122,043",10105438,30690674
465,2018년,66,첫눈처럼 너에게 가겠다,에일리(Ailee),"356,303",10029181,30190630
466,2018년,67,바코드 (Prod. GroovyRoom),김하온 (HAON),"155,759",10153531,30989550
467,2018년,68,헤어지는 중,펀치 (Punch),"130,500",10203500,31302310
468,2018년,69,IDOL,방탄소년단,"320,333",10197480,31266290
469,2018년,70,SoulMate (Feat. 아이유),지코 (ZICO),"161,990",10189402,31215747
470,2018년,71,우리 그만하자,로이킴,"140,793",10205438,31314142
471,2018년,72,약속해요 (I.P.U.),Wanna One (워너원),"159,588",10144723,30930312
472,2018년,73,너를 만나,폴킴,"323,085",10217134,31388145
473,2018년,74,기억의 빈자리,나얼,"126,852",10115433,30757693
474,2018년,75,썸 탈꺼야,볼빨간사춘기,"217,689",10100191,30657307
475,2018년,76,노력,박원,"203,409",10016012,30099927
476,2018년,77,REALLY REALLY,WINNER,"255,218",10051659,30341745
477,2018년,78,좋아,민서 (MINSEO),"139,882",10111490,30729198
478,2018년,79,피카부 (Peek-A-Boo),Red Velvet (레드벨벳),"171,231",10112486,30736437
479,2018년,80,빙글뱅글 (Bingle Bangle),AOA,"77,083",10170965,31098083
480,2018년,81,북 (Prod. SLO),Rohann (이로한),"93,872",10148752,30957524
481,2018년,82,Good Day (Feat. 팔로알토) (Prod. 코드 쿤스트),pH-1,"198,211",10209647,31340985
482,2018년,83,LATATA,(여자)아이들,"155,980",10163578,31055324
483,2018년,84,고백,양다일,"152,396",10212203,31356458
484,2018년,85,답장,김동률,"96,098",10128163,30833270
485,2018년,86,SOLO,제니 (JENNIE),"222,787",10221424,31417871
486,2018년,87,Anpanman,방탄소년단,"193,106",10168559,31085244
487,2018년,88,짙어져,멜로망스,"97,089",10101927,30667988
488,2018년,89,켜줘 (Light),Wanna One (워너원),"133,886",10173365,31113240
489,2018년,90,"그때의 나, 그때의 우리",어반자카파,"114,662",10108597,30709103
490,2018년,91,"셋 셀테니 (1, 2, 3!)",승리,"81,119",10187129,31199873
491,2018년,92,욕심,멜로망스,"81,095",10162211,31046548
492,2018년,93,Lonely (Feat. 태연),종현 (JONGHYUN),"240,255",10057543,30383758
493,2018년,94,花요일 (Blooming Day),EXO-CBX (첸백시),"126,561",10156597,31009483
494,2018년,95,바람이 불었으면 좋겠어,길구봉구,"128,266",2224353,4383833
495,2018년,96,시간이 들겠지 (Feat. Colde),로꼬,"160,932",10210198,31344113
496,2018년,97,flex (Prod. By 기리보이),기리보이,"174,334",10189965,31219546
497,2018년,98,YES or YES,TWICE (트와이스),"161,803",10219298,31403163
498,2018년,99,바보야,허각,"74,842",10114851,30753213
499,2018년,100,가시나,선미,"163,330",10089089,30587846
500,2017년,1,첫눈처럼 너에게 가겠다,에일리(Ailee),"356,303",10029181,30190630
501,2017년,2,밤편지,아이유,"463,390",10047890,30314784
502,2017년,3,좋니,윤종신,"360,450",10073513,30486509
503,2017년,4,좋다고 말해,볼빨간사춘기,"231,382",10024816,30163110
504,2017년,5,Marry Me,마크툽 (MAKTUB),"216,777",2271467,4786735
505,2017년,6,비도 오고 그래서 (Feat. 신용재),헤이즈 (Heize),"314,526",10074454,30492279
506,2017년,7,팔레트 (Feat. G-DRAGON),아이유,"286,976",10056666,30378156
507,2017년,8,Beautiful,Crush,"239,198",10024106,30157753
508,2017년,9,오늘 취하면 (Feat. 창모) (Prod. SUGA),SURAN (수란),"236,091",10058598,30390068
509,2017년,10,KNOCK KNOCK,TWICE (트와이스),"162,948",10040060,30261007
510,2017년,11,REALLY REALLY,WINNER,"255,218",10051659,30341745
511,2017년,12,봄날,방탄소년단,"551,019",10037969,30244931
512,2017년,13,오랜 날 오랜 밤,AKMU (악뮤),"234,113",10027786,30181278
513,2017년,14,우주를 줄게,볼빨간사춘기,"293,881",2707131,9620469
514,2017년,15,나만 안되는 연애,볼빨간사춘기,"211,067",2707131,9620473
515,2017년,16,남이 될 수 있을까,볼빨간사춘기,"205,440",10070846,30468654
516,2017년,17,사랑이 잘 (With 오혁),아이유,"242,051",10052968,30349593
517,2017년,18,선물,멜로망스,"351,245",10078176,30514366
518,2017년,19,마지막처럼,BLACKPINK,"242,264",10072696,30481578
519,2017년,20,매일 듣는 노래 (A Daily Song),황치열,"175,883",10070673,30467550
520,2017년,21,에라 모르겠다,BIGBANG (빅뱅),"181,370",10022709,30147445
521,2017년,22,널 너무 모르고,헤이즈 (Heize),"182,329",10074454,30492276
522,2017년,23,불장난,BLACKPINK,"203,195",10011491,30069773
523,2017년,24,빨간 맛 (Red Flavor),Red Velvet (레드벨벳),"235,448",10077879,30512671
524,2017년,25,Stay With Me,찬열 (CHANYEOL),"218,089",10020654,30132687
525,2017년,26,New Face,싸이 (PSY),"98,791",10060647,30403590
526,2017년,27,TT,TWICE (트와이스),"187,025",10008861,30054344
527,2017년,28,처음부터 너와 나,볼빨간사춘기,"183,044",10062351,30414090
528,2017년,29,시차 (We Are) (Feat. 로꼬 & GRAY),우원재,"351,642",10093389,30613202
529,2017년,30,Rookie,Red Velvet (레드벨벳),"135,211",10035026,30227054
530,2017년,31,오빠야,신현희와김루트,"133,558",2306170,5605860
531,2017년,32,SIGNAL,TWICE (트와이스),"124,417",10062172,30413326
532,2017년,33,Decalcomanie (데칼코마니),마마무 (Mamamoo),"153,779",10012900,30079086
533,2017년,34,그대라는 사치,한동근,"203,645",2706226,9614761
534,2017년,35,"무제(無題) (Untitled, 2014)",G-DRAGON,"258,852",10069644,30461396
535,2017년,36,부담이 돼 (Feat. 휘인 Of 마마무),정키,"132,879",10043982,30290011
536,2017년,37,BLUE MOON (Prod. GroovyRoom),효린,"199,495",10055259,30367365
537,2017년,38,가시나,선미,"163,330",10089089,30587846
538,2017년,39,"All I Wanna Do (K) (Feat. Hoody, Loco)",박재범,"240,043",10008163,30049271
539,2017년,40,어디에도,엠씨더맥스 (M.C the MAX),"245,334",2664299,8033528
540,2017년,41,돌아오지마 (Feat. 용준형 Of 비스트),헤이즈 (Heize),"189,218",2679308,8143111
541,2017년,42,I LUV IT,싸이 (PSY),"79,178",10060647,30403589
542,2017년,43,심술,볼빨간사춘기,"153,093",2680986,8155478
543,2017년,44,피 땀 눈물,방탄소년단,"275,931",10004707,30029173
544,2017년,45,D (half moon) (Feat. 개코),DEAN,"259,276",2674623,8109412
545,2017년,46,썸 탈꺼야,볼빨간사춘기,"217,689",10100191,30657307
546,2017년,47,얼굴 찌푸리지 말아요,하이라이트 (Highlight),"127,536",10044814,30310862
547,2017년,48,너였다면,정승환,"240,920",2687963,8203900
548,2017년,49,I Miss You,소유 (SOYOU),"133,648",10027253,30177818
549,2017년,50,이 소설의 끝을 다시 써보려 해,한동근,"238,592",2284064,5398990
550,2017년,51,나로 말할 것 같으면 (Yes I am),마마무 (Mamamoo),"116,369",10073791,30488202
551,2017년,52,Fine,태연 (TAEYEON),"197,241",10040265,30278209
552,2017년,53,all of my life,박원,"249,742",10083290,30550388
553,2017년,54,당신의 밤 (Feat. 오혁),황광희 X 개코,"120,836",10027428,30179089
554,2017년,55,아름다워,창모 (CHANGMO),"214,677",2698920,8276709
555,2017년,56,에너제틱 (Energetic),Wanna One (워너원),"290,816",10085951,30568338
556,2017년,57,YESTERDAY,블락비 (Block B),"131,156",10036123,30232778
557,2017년,58,이쁘다니까,에디킴,"104,012",10025845,30169608
558,2017년,59,미치고 싶다,한동근,"79,674",10059997,30399360
559,2017년,60,Artist,지코 (ZICO),"138,511",10078915,30519033
560,2017년,61,노래,Zion.T,"89,293",10035027,30227061
561,2017년,62,저 별,헤이즈 (Heize),"162,421",10020656,30132701
562,2017년,63,내가 저지른 사랑,임창정,"238,962",2708957,9631530
563,2017년,64,맞지?,언니쓰,"95,170",10061398,30408193
564,2017년,65,TOMBOY,혁오 (HYUKOH),"220,010",10057570,30383949
565,2017년,66,19금 마에스트로 (Maestro),창모 (CHANGMO),"130,166",2698920,8276708
566,2017년,67,가을 아침,아이유,"299,623",10096855,30636089
567,2017년,68,You(=I),볼빨간사춘기,"126,943",2707131,9620471
568,2017년,69,널 사랑하지 않아,어반자카파,"211,012",2687420,8199190
569,2017년,70,바람이 불었으면 좋겠어,길구봉구,"128,266",2224353,4383833
570,2017년,71,우리집을 못 찾겠군요 (Feat. 볼빨간사춘기),매드클라운,"111,538",10035799,30230986
571,2017년,72,숨,박효신,"219,876",10001952,30011624
572,2017년,73,비가와 (Rain),소유 (SOYOU),"130,727",10038305,30247520
573,2017년,74,CHEER UP,TWICE (트와이스),"212,513",2681333,8158031
574,2017년,75,N분의1 (Feat. 다이나믹듀오),넉살,"93,342",10085618,30566061
575,2017년,76,연애소설 (Feat. 아이유),에픽하이 (EPIK HIGH),"178,079",10105030,30688500
576,2017년,77,소나기,아이오아이 (I.O.I),"194,951",10032040,30208070
577,2017년,78,Who Are You,샘김 (Sam Kim),"107,641",10025804,30169383
578,2017년,79,Ko Ko Bop,EXO,"226,239",10080589,30529996
579,2017년,80,이 바보야,정승환,"136,096",10018979,30120986
580,2017년,81,첫 눈,정준일,"110,936",10027400,30178900
581,2017년,82,나의 사춘기에게,볼빨간사춘기,"316,359",10100191,30657311
582,2017년,83,기다렸다 가,다이나믹 듀오,"104,054",10033099,30215199
583,2017년,84,She's a Baby,지코 (ZICO),"80,624",10053651,30355842
584,2017년,85,LAST DANCE,BIGBANG (빅뱅),"176,683",10022709,30147446
585,2017년,86,사랑하지 않은 것처럼,버즈,"136,407",10083276,30550293
586,2017년,87,MOVIE,비투비,"138,932",10041603,30286429
587,2017년,88,그리워하다,비투비,"302,082",10102658,30672529
588,2017년,89,DNA,방탄소년단,"375,070",10097112,30637982
589,2017년,90,러시안 룰렛 (Russian Roulette),Red Velvet (레드벨벳),"178,168",2709585,9634954
590,2017년,91,NEVER,국민의 아들,"154,435",10068359,30453635
591,2017년,92,Why Don't You Know (Feat. 넉살),청하,"151,096",10068972,30457690
592,2017년,93,"요즘것들 (Feat. ZICO, DEAN)",행주,"87,844",10085618,30566064
593,2017년,94,이런 엔딩,아이유,"203,282",10056666,30378157
594,2017년,95,LONELY,씨스타,"61,936",10067347,30447547
595,2017년,96,FIVE,Apink (에이핑크),"79,344",10074500,30492606
596,2017년,97,이 지금,아이유,"191,710",10056666,30378155
597,2017년,98,좋아,민서 (MINSEO),"139,882",10111490,30729198
598,2017년,99,행복한 척,수지 (Suzy),"103,414",10031741,30205955
599,2017년,100,너무너무너무,아이오아이 (I.O.I),"110,930",10006841,30040810
600,2016년,1,CHEER UP,TWICE (트와이스),"212,513",2681333,8158031
601,2016년,2,시간을 달려서 (Rough),여자친구 (GFRIEND),"171,456",2663668,8028701
602,2016년,3,어디에도,엠씨더맥스 (M.C the MAX),"245,334",2664299,8033528
603,2016년,4,널 사랑하지 않아,어반자카파,"211,012",2687420,8199190
604,2016년,5,이 사랑,다비치,"173,836",2669778,8071102
605,2016년,6,이 소설의 끝을 다시 써보려 해,한동근,"238,592",2284064,5398990
606,2016년,7,너는 나 나는 너,지코 (ZICO),"146,720",2663674,8028724
607,2016년,8,You Are My Everything,거미,"139,988",2672163,8089568
608,2016년,9,OOH-AHH하게,TWICE (트와이스),"144,647",2645617,7891119
609,2016년,10,걱정말아요 그대,이적,"178,780",2649434,7921208
610,2016년,11,또 다시 사랑,임창정,"197,747",2638798,7861392
611,2016년,12,잊어버리지마 (Feat. 태연),Crush,"200,944",2663424,8026677
612,2016년,13,내가 저지른 사랑,임창정,"238,962",2708957,9631530
613,2016년,14,D (half moon) (Feat. 개코),DEAN,"259,276",2674623,8109412
614,2016년,15,넌 is 뭔들,마마무 (Mamamoo),"105,511",2669407,8068881
615,2016년,16,하늘바라기 (Feat. 하림),정은지,"167,045",2680009,8148487
616,2016년,17,우주를 줄게,볼빨간사춘기,"293,881",2707131,9620469
617,2016년,18,Boys And Girls (Feat. Babylon),지코 (ZICO),"166,675",2648403,7911687
618,2016년,19,ALWAYS,윤미래,"129,953",2667181,8053157
619,2016년,20,오늘부터 우리는 (Me Gustas Tu),여자친구 (GFRIEND),"140,987",2330981,5791706
620,2016년,21,Day Day (Feat. 박재범) (Prod. by GRAY),BewhY (비와이),"121,114",2696637,8261338
621,2016년,22,Why So Lonely,원더걸스,"158,910",2695552,8254545
622,2016년,23,돌아오지마 (Feat. 용준형 Of 비스트),헤이즈 (Heize),"189,218",2679308,8143111
623,2016년,24,Dream (Prod. by 박근태),수지 (Suzy),"220,416",2660715,8005879
624,2016년,25,봄이 좋냐??,10CM,"185,868",2676884,8124417
625,2016년,26,말해! 뭐해?,케이윌,"119,023",2673882,8102386
626,2016년,27,Everytime,첸 (CHEN),"144,443",2669132,8067023
627,2016년,28,Rain,태연 (TAEYEON),"188,074",2665523,8042553
628,2016년,29,Forever (Prod. By GRAY),BewhY (비와이),"106,057",2695189,8252408
629,2016년,30,너 그리고 나 (NAVILLERA),여자친구 (GFRIEND),"122,016",2696751,8262125
630,2016년,31,한숨,이하이,"280,315",2671866,8086947
631,2016년,32,휘파람,BLACKPINK,"161,909",2703168,8304594
632,2016년,33,소녀,오혁,"204,037",2652150,7942948
633,2016년,34,그대라는 사치,한동근,"203,645",2706226,9614761
634,2016년,35,TT,TWICE (트와이스),"187,025",10008861,30054344
635,2016년,36,19금 유레카 (Feat. Zion.T),지코 (ZICO),"92,834",2655015,7965449
636,2016년,37,또 하루 (Feat. 개코),개리,"86,215",2659810,7999021
637,2016년,38,목요일 밤 (Feat. 빈지노),어반자카파,"137,032",2705941,9613173
638,2016년,39,쏘쏘,백아연,"97,150",2686047,8189661
639,2016년,40,다시 너를,매드클라운,"85,819",2673620,8100402
640,2016년,41,너였다면,정승환,"240,920",2687963,8203900
641,2016년,42,꿈처럼,벤,"133,947",2683798,8174429
642,2016년,43,러시안 룰렛 (Russian Roulette),Red Velvet (레드벨벳),"178,168",2709585,9634954
643,2016년,44,안아줘,정준일,"237,822",2038488,3620493
644,2016년,45,puzzle,C JAMM,"111,960",2703714,8308231
645,2016년,46,I Like That,씨스타,"48,281",2692594,8236055
646,2016년,47,숨,박효신,"219,876",10001952,30011624
647,2016년,48,The Time Goes On,BewhY (비와이),"108,168",2307986,5620266
648,2016년,49,스토커,10CM,"275,206",2290452,5466962
649,2016년,50,19금 니가 알던 내가 아냐 (Prod. By GRAY),사이먼 도미닉,"65,673",2692133,8233291
650,2016년,51,니가 하면 로맨스 (Feat. 다비치),케이윌,"51,151",2660454,8004377
651,2016년,52,If You,에일리(Ailee),"77,959",2705328,9609354
652,2016년,53,내 입술 따뜻한 커피처럼 (Feat. 이성경) (Prod. by 박근태),에디킴,"74,773",2681820,8161257
653,2016년,54,Toy,블락비 (Block B),"128,646",2678718,8138940
654,2016년,55,Monster,EXO,"159,919",2689855,8217164
655,2016년,56,어땠을까,김나영,"73,073",2659671,7998349
656,2016년,57,사랑하자,SG 워너비,"77,781",2676594,8122589
657,2016년,58,사랑에 빠졌죠 (당신만이),장범준,"71,699",2674213,8104509
658,2016년,59,자격지심 (Feat. 은하 Of 여자친구),박경,"122,161",2685311,8184472
659,2016년,60,"호랑나비 (Feat. Gill, 리듬파워, 김흥국)",보이비,"58,683",2695189,8252409
660,2016년,61,PICK ME,PRODUCE 101,"53,727",2657476,7982920
661,2016년,62,너무너무너무,아이오아이 (I.O.I),"110,930",10006841,30040810
662,2016년,63,구르미 그린 달빛,거미,"79,037",2708558,9629220
663,2016년,64,불타오르네 (FIRE),방탄소년단,"244,100",2680573,8167307
664,2016년,65,공감 (Feat. 서영은),정준영,"81,797",2668891,8065398
665,2016년,66,나만 안되는 연애,볼빨간사춘기,"211,067",2707131,9620473
666,2016년,67,RE-BYE,AKMU (악뮤),"76,064",2683252,8170828
667,2016년,68,Ah-Choo,러블리즈,"88,027",2639766,7870472
668,2016년,69,맘 편히 (Comfortable),사이먼 도미닉,"82,889",2693749,8243823
669,2016년,70,네 생각,존박,"135,259",2697716,8268275
670,2016년,71,청춘 (Feat. 김창완),김필,"91,146",2648091,7909196
671,2016년,72,우주를 건너,백예린 (Yerin Baek),"173,706",2653573,7953958
672,2016년,73,친구라도 될 걸 그랬어,거미,"89,008",26396,418598
673,2016년,74,여름밤에 우린,스탠딩 에그,"107,869",2701827,8295867
674,2016년,75,Shut Up (Feat. 유희열),언니쓰,"61,927",2694921,8250334
675,2016년,76,봄인가 봐 (Spring Love),에릭남 (Eric Nam),"115,975",2670807,8077712
676,2016년,77,같은 곳에서,소녀온탑,"94,274",2674195,8104431
677,2016년,78,I Miss You,마마무 (Mamamoo),"75,430",2664685,8036303
678,2016년,79,함께,노을,"75,205",2657764,7985298
679,2016년,80,Bye bye my blue,백예린 (Yerin Baek),"251,156",2692170,8233373
680,2016년,81,I (Feat. 버벌진트),태연 (TAEYEON),"225,485",2643740,7877917
681,2016년,82,사랑이었다 (Feat. 루나 of f(x)),지코 (ZICO),"120,781",2663674,8028725
682,2016년,83,"And July (Feat. DEAN, DJ Friz)",헤이즈 (Heize),"187,695",2688360,8271355
683,2016년,84,아마도 그건,Crush,"95,237",2648529,7912749
684,2016년,85,DADDY (Feat. CL of 2NE1),싸이 (PSY),"60,715",2653861,7956304
685,2016년,86,19금 냉탕에 상어 (Feat. 블랙넛),수퍼비 (SUPERBEE),"68,186",2646678,7899303
686,2016년,87,벚꽃 엔딩,버스커 버스커,"335,944",2097226,3753304
687,2016년,88,불장난,BLACKPINK,"203,195",10011491,30069773
688,2016년,89,내 옆에 그대인 걸,다비치,"62,022",10005930,30035555
689,2016년,90,취향저격,iKON,"146,033",2640151,7854179
690,2016년,91,Dancing King,유재석,"119,851",2711209,9647324
691,2016년,92,스물셋,아이유,"190,979",2646282,7896508
692,2016년,93,야생화,박효신,"319,894",2244822,4543502
693,2016년,94,야 하고 싶어 (Feat. 시우민 of EXO),신지민,"57,499",2670437,8075429
694,2016년,95,How Can I Love You,XIA (준수),"72,713",2679051,8141498
695,2016년,96,센치해,WINNER,"83,793",2661204,8038492
696,2016년,97,No Make Up,Zion.T,"162,335",2644221,7881505
697,2016년,98,어떻게 지내,Crush,"160,466",10006417,30038185
698,2016년,99,우아해 (woo ah),Crush,"71,242",2683503,8172437
699,2016년,100,너를 위해,첸 (CHEN),"169,978",2705644,9611490
700,2015년,1,뱅뱅뱅 (BANG BANG BANG),BIGBANG (빅뱅),"182,669",2321510,5719286
701,2015년,2,같은 시간 속의 너,나얼,"154,321",2302870,5576417
702,2015년,3,꺼내 먹어요,Zion.T,"160,221",2319240,5702706
703,2015년,4,이럴거면 그러지말지 (Feat. Young K),백아연,"219,387",2319508,5704397
704,2015년,5,위잉위잉,혁오 (HYUKOH),"228,776",2282505,5385974
705,2015년,6,LOSER,BIGBANG (빅뱅),"153,013",2316478,5682700
706,2015년,7,BAE BAE,BIGBANG (빅뱅),"124,582",2316478,5684826
707,2015년,8,그냥 (Just),Zion.T,"144,327",2302415,5572312
708,2015년,9,양화대교,Zion.T,"174,971",2282942,5389475
709,2015년,10,우연히 봄,로꼬,"166,683",2312287,5650996
710,2015년,11,또 다시 사랑,임창정,"197,747",2638798,7861392
711,2015년,12,레옹,"이유 갓지(GOD G) 않은 이유 (박명수, 아이유)","148,127",2335950,5826461
712,2015년,13,SHAKE IT,씨스타,"86,703",2325345,5748499
713,2015년,14,와리가리,혁오 (HYUKOH),"138,527",2320721,5713422
714,2015년,15,위아래,EXID,"77,083",2277372,4840271
715,2015년,16,심쿵해 (Heart Attack),AOA,"83,659",2325321,5748406
716,2015년,17,겁 (Feat. 태양),MINO (송민호),"160,659",2336184,5826447
717,2015년,18,19금 Puss (Prod.by 라이머),신지민,"63,124",2310080,5634219
718,2015년,19,다른 남자 말고 너,미쓰에이,"86,284",2311419,5644636
719,2015년,20,두사랑 (Feat. 매드클라운),다비치,"106,993",2309174,5628083
720,2015년,21,마음,아이유,"203,524",2319008,5700639
721,2015년,22,CALL ME BABY,EXO,"148,728",2311397,5644620
722,2015년,23,Me You (Feat. 백예린 Of 15&),San E (산이),"91,767",2313106,5674119
723,2015년,24,그 남잔 말야,엠씨더맥스 (M.C the MAX),"72,397",2314734,5668985
724,2015년,25,목소리,노을,"57,495",2298684,5536206
725,2015년,26,음오아예 (Um Oh Ah Yeh),마마무 (Mamamoo),"108,704",2324685,5743804
726,2015년,27,사월의 눈,허각,"93,643",2309363,5629186
727,2015년,28,어머님이 누구니 (Feat. 제시),박진영,"52,442",2313436,5658708
728,2015년,29,취향저격,iKON,"146,033",2640151,7854179
729,2015년,30,야생화,박효신,"319,894",2244822,4543502
730,2015년,31,Ah Yeah,EXID,"50,096",2313635,5660040
731,2015년,32,오늘부터 우리는 (Me Gustas Tu),여자친구 (GFRIEND),"140,987",2330981,5791706
732,2015년,33,화 (Feat. 진실 Of Mad Soul Child) (Fire),매드클라운,"76,061",2298221,5531227
733,2015년,34,I (Feat. 버벌진트),태연 (TAEYEON),"225,485",2643740,7877917
734,2015년,35,IF YOU,BIGBANG (빅뱅),"180,506",2326937,5760115
735,2015년,36,바람이나 좀 쐐 (Feat. 우혜미),개리,"121,295",2640915,7858908
736,2015년,37,맙소사,"황태지 (황광희, 태양, 지드래곤)","80,881",2335950,5824839
737,2015년,38,19금 거북선 (Feat. 팔로알토),Ja Mezz,"79,344",2332701,5804040
738,2015년,39,금요일에 만나요 (Feat. 장이정 Of HISTORY),아이유,"258,280",2222587,4369827
739,2015년,40,우리 사랑하지 말아요,BIGBANG (빅뱅),"122,383",2333193,5807274
740,2015년,41,오빠차,인크레더블,"60,193",2334942,5818522
741,2015년,42,Oasis (Feat. ZICO),Crush,"152,677",2327886,5771304
742,2015년,43,또 운다 또,다비치,"46,503",2300803,5555751
743,2015년,44,LOVE ME RIGHT,EXO,"185,845",2321827,5721440
744,2015년,45,어깨,소유 (SOYOU),"83,334",2640930,7858989
745,2015년,46,LUV,Apink (에이핑크),"98,820",2291986,5473905
746,2015년,47,바라보기,엠씨더맥스 (M.C the MAX),"72,663",2292762,5482064
747,2015년,48,사랑 범벅 (Feat. 챈슬러 of the channels),MC몽,"62,287",2306686,5610343
748,2015년,49,광화문에서 (At Gwanghwamun),규현 (KYUHYUN),"236,360",2290324,5458267
749,2015년,50,19금 My Type (Prod. By 버벌진트),제시 (Jessi),"46,489",2304541,5592623
750,2015년,51,맨정신,BIGBANG (빅뱅),"118,433",2326937,5760116
751,2015년,52,WE LIKE 2 PARTY,BIGBANG (빅뱅),"105,165",2321510,5719287
752,2015년,53,너의 의미 (Feat. 김창완),아이유,"228,843",2256290,4646573
753,2015년,54,No Make Up,Zion.T,"162,335",2644221,7881505
754,2015년,55,Lion Heart,소녀시대 (GIRLS' GENERATION),"94,864",2335204,5820368
755,2015년,56,사랑에 빠지고 싶다,정승환,"100,703",2294058,5495296
756,2015년,57,스물셋,아이유,"190,979",2646282,7896508
757,2015년,58,GOOD BOY,GD X TAEYANG,"89,344",2291669,5470838
758,2015년,59,Remember,Apink (에이핑크),"84,060",2329610,5781104
759,2015년,60,스폰서 ($ponsor),"으뜨거따시 (하하, 자이언티)","50,616",2335950,5826462
760,2015년,61,시작이 좋아 2015 (Prod. By 버벌진트),신지민,"35,355",2306498,5608760
761,2015년,62,사뿐사뿐,AOA,"51,340",2290102,5456521
762,2015년,63,Okey Dokey,MINO (송민호),"89,874",2337492,5835766
763,2015년,64,보통연애 (Feat. 박보람),박경,"122,636",2641140,7860122
764,2015년,65,한여름밤의 꿀,San E (산이),"171,674",2260223,4681146
765,2015년,66,Ice Cream Cake,Red Velvet (레드벨벳),"113,679",2309156,5629148
766,2015년,67,아무도 모르게 (Prod. by MC몽),치타 (CHEETAH),"41,404",2311184,5642918
767,2015년,68,소녀,오혁,"204,037",2652150,7942948
768,2015년,69,팔베개 (Feat. 기현) (Pillow),소유 (SOYOU),"50,520",2299818,5546828
769,2015년,70,Boys And Girls (Feat. Babylon),지코 (ZICO),"166,675",2648403,7911687
770,2015년,71,니가 모르게 (You Don't Know),로꼬,"111,298",2292246,5476552
771,2015년,72,Dumb Dumb,Red Velvet (레드벨벳),"98,928",2639273,7847861
772,2015년,73,사이먼 도미닉,사이먼 도미닉,"118,220",2334436,5815785
773,2015년,74,쩔어 (GD & T.O.P),BIGBANG (빅뱅),"72,846",2333193,5807273
774,2015년,75,PARTY,소녀시대 (GIRLS' GENERATION),"90,313",2328091,5768980
775,2015년,76,환청 (Feat. 나쑈 (NaShow)),장재인(JEIN),"62,235",2299602,5545022
776,2015년,77,연예할래,박보람,"37,450",2315407,5674470
777,2015년,78,슬픔 속에 그댈 지워야만 해,정승환,"54,789",2300266,5551234
778,2015년,79,멋진헛간,"오대천왕 (정형돈, 밴드 혁오)","67,897",2335950,5826465
779,2015년,80,한번 더 말해줘 (Feat. 장한나),지누션,"28,092",2313257,5657227
780,2015년,81,I Feel You,원더걸스,"54,507",2332752,5804238
781,2015년,82,링마벨 (Ring My Bell),걸스데이,"43,508",2327866,5767424
782,2015년,83,가슴 뛰도록,SG 워너비,"48,374",2335653,5822923
783,2015년,84,벚꽃 엔딩,버스커 버스커,"335,944",2097226,3753304
784,2015년,85,봄 사랑 벚꽃 말고,HIGH4 (하이포),"223,915",2248659,4579468
785,2015년,86,바람기억,나얼,"216,949",2150856,3910821
786,2015년,87,View,SHINee (샤이니),"137,616",2319050,5700879
787,2015년,88,I'm So Sexy,"댄싱게놈 (유재석, JYP)","39,508",2335950,5826464
788,2015년,89,19금 몸매 (MOMMAE) (Feat. Ugly Duck),박재범,"94,083",2320014,5708013
789,2015년,90,꽃이 핀다,케이윌,"79,115",2310810,5639931
790,2015년,91,사랑은 미친짓 (Feat. 칸토 of 트로이),"15& (박지민, 백예린)","45,692",2303679,5584400
791,2015년,92,"19금 BORN HATER (Feat. 빈지노, 버벌진트, B.I, MINO, BOBBY)",에픽하이 (EPIK HIGH),"113,709",2286432,5419682
792,2015년,93,미쳐,4minute,"45,047",2301463,5584641
793,2015년,94,슈퍼스타 (Prod. by D.O),키썸 (Kisum),"30,781",2307604,5616999
794,2015년,95,세 사람 (With 성시경),토이,"106,239",2291053,5465008
795,2015년,96,품행제로,블락비 바스타즈,"58,743",2313837,5661710
796,2015년,97,사랑의 시작은 고백에서부터,김범수,"72,210",2320218,5709750
797,2015년,98,Apple (Feat. 박재범),가인,"40,110",2307996,5622359
798,2015년,99,아프다,지코 (ZICO),"76,437",2323162,5731941
799,2015년,100,모르나봐,소유 (SOYOU),"49,795",2644698,7884171
800,2014년,1,썸 (Feat. 릴보이 Of 긱스),소유 (SOYOU),"172,187",2230890,4433490
801,2014년,2,야생화,박효신,"319,894",2244822,4543502
802,2014년,3,"눈, 코, 입",태양,"183,227",2259140,4671151
803,2014년,4,금요일에 만나요 (Feat. 장이정 Of HISTORY),아이유,"258,280",2222587,4369827
804,2014년,5,한여름밤의 꿀,San E (산이),"171,674",2260223,4681146
805,2014년,6,봄 사랑 벚꽃 말고,HIGH4 (하이포),"223,915",2248659,4579468
806,2014년,7,Mr. Chu (On Stage),Apink (에이핑크),"99,093",2246854,4562881
807,2014년,8,너의 의미 (Feat. 김창완),아이유,"228,843",2256290,4646573
808,2014년,9,Something,걸스데이,"57,554",2224342,4383773
809,2014년,10,200%,AKMU (악뮤),"155,984",2249127,4583482
810,2014년,11,그대가 분다,엠씨더맥스 (M.C the MAX),"108,359",2224057,4381724
811,2014년,12,사람냄새,정인,"107,453",2258044,4660909
812,2014년,13,그 중에 그대를 만나,이선희,"125,068",2244913,4544242
813,2014년,14,Come Back Home,2NE1,"75,009",2236445,4478187
814,2014년,15,짧은 치마 (Miniskirt),AOA,"50,854",2226803,4400561
815,2014년,16,너의 모든 순간,성시경,"275,921",2232505,4446485
816,2014년,17,너를 너를 너를,플라이 투 더 스카이,"79,507",2255589,4639518
817,2014년,18,신촌을 못가,포스트맨 (POSTMEN),"111,488",2173025,4016085
818,2014년,19,예뻐졌다 (Feat. 지코 Of Block B),박보람,"74,519",2271880,4789747
819,2014년,20,Touch My Body,씨스타,"70,579",2268221,4756304
820,2014년,21,공허해,WINNER,"149,802",2273749,4806686
821,2014년,22,노래가 늘었어,에일리(Ailee),"86,534",2224293,4383349
822,2014년,23,너 사용법,에디킴,"122,424",2249449,4586092
823,2014년,24,인연,윤민수(바이브),"59,105",2249074,4582959
824,2014년,25,안녕,효린,"85,138",2228106,4412196
825,2014년,26,감아 (Feat. Crush),로꼬,"135,455",2242936,4527879
826,2014년,27,Darling,걸스데이,"68,653",2265934,4734486
827,2014년,28,나의 옛날이야기,아이유,"187,083",2256290,4645220
828,2014년,29,HER,블락비 (Block B),"124,865",2250057,4764928
829,2014년,30,까탈레나 (Catallena),오렌지 캬라멜,"47,015",2240082,4503810
830,2014년,31,단발머리 (Short Hair),AOA,"48,526",2261569,4693165
831,2014년,32,너를 원해 (Feat. Beenzino),정기고,"47,932",2251373,4603433
832,2014년,33,중독 (Overdose),EXO-K,"128,113",2254734,4633162
833,2014년,34,너를 사랑해,윤미래,"78,757",2277787,4843704
834,2014년,35,나 왜이래 (Feat. 강민희 Of 미스에스),San E (산이),"49,325",2258516,4665220
835,2014년,36,흔한 노래,임창정,"63,519",2241157,4512170
836,2014년,37,보름달 (Feat. Lena),선미,"66,929",2233456,4454382
837,2014년,38,너 아님 안돼,2NE1,"47,979",2236445,4478188
838,2014년,39,Give Love,AKMU (악뮤),"138,391",2249127,4583481
839,2014년,40,견딜만해 (Feat. 효린 Of 씨스타),매드클라운,"47,435",2248665,4579474
840,2014년,41,애타는 마음,울랄라세션,"97,366",2263452,4711007
841,2014년,42,손대지마,에일리(Ailee),"67,395",2283510,5394265
842,2014년,43,그런 남자,Bro,"46,399",2243859,4535038
843,2014년,44,자니 (Feat. Dynamic Duo),프라이머리,"185,611",2089047,3726617
844,2014년,45,My Destiny,린,"64,946",2223343,4375626
845,2014년,46,연결고리#힙합,BOBBY,"67,371",2278895,4854588
846,2014년,47,오늘부터 1일 (Day 1),케이윌,"75,088",2262912,4706174
847,2014년,48,미운오리새끼,god,"65,092",2255086,4635701
848,2014년,49,이제 그만 싸우자,허각,"41,460",2264792,4723861
849,2014년,50,틈,소유 (SOYOU),"45,866",2283084,5390701
850,2014년,51,독기,아이언,"56,032",2280892,5372667
851,2014년,52,헤픈엔딩 (Feat. 조원선 Of 롤러코스터),에픽하이 (EPIK HIGH),"94,394",2286432,5421427
852,2014년,53,벚꽃 엔딩,버스커 버스커,"335,944",2097226,3753304
853,2014년,54,오늘 같은 눈물이,허각,"24,383",2230896,4433528
854,2014년,55,괜찮아 사랑이야,다비치,"73,592",2270673,4779294
855,2014년,56,Mr.Mr.,소녀시대 (GIRLS' GENERATION),"48,330",2235426,4471542
856,2014년,57,가슴 시린 이야기 (Feat. 용준형 Of Beast),휘성 (Realslow),"62,592",1199451,3174148
857,2014년,58,내가 그리웠니 (Feat. 진실 Of Mad Soul Child),MC몽,"50,917",2288687,5442688
858,2014년,59,홀로 (Feat. 김나영),정키,"138,752",2148411,3893169
859,2014년,60,살아 봤으면 해,2NE1,"51,933",2236445,4478189
860,2014년,61,그게 나야,김동률,"82,708",2284244,5400360
861,2014년,62,19금 조금 이따 샤워해 (Feat. Crush),개리,"43,248",2226474,4397969
862,2014년,63,착해 빠졌어 (Stupid In Love),소유 (SOYOU),"118,320",2200521,4237755
863,2014년,64,12시 30분,비스트,"101,355",2285785,5413256
864,2014년,65,으르렁 (Growl),EXO,"188,677",2195303,4193337
865,2014년,66,19금 Body Language (Feat. 범키),San E (산이),"42,370",2271317,4785453
866,2014년,67,요즘 바쁜가봐,2BIC(투빅),"58,451",2250420,4594680
867,2014년,68,당신만이,곽진언,"50,680",2282848,5388806
868,2014년,69,I Swear,씨스타,"52,318",2277388,4840373
869,2014년,70,광화문에서 (At Gwanghwamun),규현 (KYUHYUN),"236,360",2290324,5458267
870,2014년,71,"Dali, Van, Picasso",빈지노 (Beenzino),"103,065",2222076,4366156
871,2014년,72,뜨래요 (Feat. 앙리 Of 3B),배치기,"31,265",2243562,4532820
872,2014년,73,우산,윤하 (YOUNHA),"104,982",2263475,4711065
873,2014년,74,"19금 BORN HATER (Feat. 빈지노, 버벌진트, B.I, MINO, BOBBY)",에픽하이 (EPIK HIGH),"113,709",2286432,5419682
874,2014년,75,Good Luck,비스트,"50,470",2260842,4686392
875,2014년,76,하늘색 약속,god,"52,713",2263804,4714217
876,2014년,77,JACKPOT,블락비 (Block B),"71,095",2250057,4591400
877,2014년,78,빨개요,현아,"30,561",2269895,4771771
878,2014년,79,내 생애 가장 행복한 시간 (Feat. 허각),MC몽,"92,314",2288687,5442687
879,2014년,80,멘붕 (CL Solo),2NE1,"36,458",2236445,4478191
880,2014년,81,"화장 지웠어 (Feat. Zion.T, HA:TFELT) (No Make Up)",개코,"63,670",2285974,5415175
881,2014년,82,Good-night Kiss,전효성,"29,612",2255094,4635740
882,2014년,83,La Song,비,"21,660",2224109,4382254
883,2014년,84,I'm In Love,에일리(Ailee),"48,090",2265100,4734489
884,2014년,85,A Real Man,스윙스,"43,353",2276500,4832150
885,2014년,86,끼부리지마,WINNER,"103,177",2273749,4806688
886,2014년,87,Can't Stop,CNBLUE (씨엔블루),"37,909",2234269,4462368
887,2014년,88,별처럼,케이윌,"29,010",2225097,4388702
888,2014년,89,나는 달라 (Feat. BOBBY),HI SUHYUN,"51,368",2290103,5456526
889,2014년,90,티가 나나봐,"15& (박지민, 백예린)","38,383",2250983,4599628
890,2014년,91,LUV,Apink (에이핑크),"98,820",2291986,5473905
891,2014년,92,세 사람 (With 성시경),토이,"106,239",2291053,5465008
892,2014년,93,Lonely (없구나),B1A4,"50,821",2225831,4393161
893,2014년,94,헤어졌다 만났다,다비치,"21,645",2259461,4674167
894,2014년,95,시간과 낙엽,AKMU (악뮤),"98,923",2285311,5408681
895,2014년,96,위아래,EXID,"77,083",2277372,4840271
896,2014년,97,"묘해, 너와",어쿠스틱 콜라보,"155,340",2279896,4864206
897,2014년,98,끝사랑,김범수,"125,040",1302654,3436083
898,2014년,99,최고의 행운,첸 (CHEN),"114,825",2268823,4762446
899,2014년,100,"명수네 떡볶이 (Feat. 김예림, UL)",박명수,"20,342",2267478,4749449
900,2013년,1,자니 (Feat. Dynamic Duo),프라이머리,"185,611",2089047,3726617
901,2013년,2,눈물 (Feat. 유진 Of 더 씨야),리쌍,"102,223",2173499,4020215
902,2013년,3,NoNoNo,Apink (에이핑크),"93,079",2191397,4163116
903,2013년,4,눈물샤워 (Feat. 에일리),배치기,"85,246",2172455,4011596
904,2013년,5,"? (물음표) (Feat. 최자 Of 다이나믹듀오, Zion.T)",프라이머리,"113,098",2161126,3947371
905,2013년,6,Give It To Me,씨스타,"52,648",2188413,4138606
906,2013년,7,이름이 뭐예요?,4minute,"42,957",2183128,4099280
907,2013년,8,모노드라마 (With 유승우),허각,"88,766",2173383,4019298
908,2013년,9,My Love,이승철,"97,268",2188937,4142913
909,2013년,10,있다 없으니까 (Gone Not Around Any Longer),씨스타19,"56,769",2174057,4024692
910,2013년,11,미친연애 (Bad Girl) (Feat. E-Sens Of 슈프림팀),범키,"78,415",2187466,4130922
911,2013년,12,으르렁 (Growl),EXO,"188,677",2195303,4193337
912,2013년,13,거북이,다비치,"94,544",2176844,4047160
913,2013년,14,GENTLEMAN,싸이 (PSY),"84,807",2181431,4085875
914,2013년,15,"Officially Missing You, Too",긱스 (Geeks),"110,712",2165024,3946867
915,2013년,16,봄봄봄,로이킴,"126,564",2182026,4091105
916,2013년,17,Touch Love,윤미래,"63,682",2198610,4221128
917,2013년,18,아는사람 얘기,San E (산이),"121,782",2195252,4192787
918,2013년,19,U & I,에일리(Ailee),"72,759",2192532,4171462
919,2013년,20,BAAAM (Feat. Muzie Of UV),다이나믹 듀오,"75,228",2190970,4160246
920,2013년,21,착해 빠졌어 (Stupid In Love),소유 (SOYOU),"118,320",2200521,4237755
921,2013년,22,빠빠빠,크레용팝,"51,650",2189686,4148967
922,2013년,23,녹는 중 (Feat. 버벌진트),다비치,"52,127",2179893,4072715
923,2013년,24,짧은머리,허각,"72,476",2187275,4129672
924,2013년,25,벚꽃 엔딩,버스커 버스커,"335,944",2097226,3753304
925,2013년,26,처음엔 사랑이란게,버스커 버스커,"114,932",2202410,4252728
926,2013년,27,오늘따라 보고싶어서 그래,다비치,"58,020",2191473,4163613
927,2013년,28,오늘 밤 (Feat. 배치기),린,"43,304",2181061,4082435
928,2013년,29,청혼하는 거예요,포맨 (4MEN),"53,996",2184411,4108714
929,2013년,30,Crescendo (크레셴도),AKMU (악뮤),"74,931",2177639,4053240
930,2013년,31,Love Blossom (러브블러썸),케이윌,"121,119",2180379,4076051
931,2013년,32,"씨스루 (Feat. Zion.T, 개코 Of 다이나믹듀오)",프라이머리,"90,405",2161126,3948908
932,2013년,33,갖고놀래 (Feat. 다이나믹 듀오),범키,"106,679",2196906,4205993
933,2013년,34,삐딱하게 (Crooked),G-DRAGON,"151,895",2199192,4232200
934,2013년,35,I Love You,AKMU (악뮤),"92,934",2182792,4097003
935,2013년,36,기대해,걸스데이,"42,507",2177822,4054983
936,2013년,37,안녕 나야,포맨 (4MEN),"45,896",2173651,4021445
937,2013년,38,분홍신,아이유,"119,901",2208448,4268435
938,2013년,39,나란놈이란,임창정,"76,461",2201988,4249547
939,2013년,40,Wash Away (Feat. 에일리),긱스 (Geeks),"62,492",2183300,4100521
940,2013년,41,니가 뭔데 (Who You?),G-DRAGON,"116,399",2199192,4226211
941,2013년,42,눈꽃,거미,"52,834",2176577,4044859
942,2013년,43,꼭 한번 만나고 싶다,바이브,"36,361",2183355,4100925
943,2013년,44,Bounce,조용필,"51,279",2181825,4089360
944,2013년,45,I Got A Boy,소녀시대 (GIRLS' GENERATION),"58,784",2170744,4001331
945,2013년,46,겨울사랑,The One (더원),"57,703",2175837,4038857
946,2013년,47,잘할 걸,버스커 버스커,"60,806",2202410,4252726
947,2013년,48,미치게 만들어,효린,"46,120",2197684,4212782
948,2013년,49,All Right,림킴 (김예림),"34,383",2187662,4144408
949,2013년,50,어때 (Feat. 하림),긱스 (Geeks),"52,286",2180147,4074419
950,2013년,51,넌 너무 야해 (Feat. 긱스) (The Way You Make Me Melt),씨스타,"28,953",2188413,4138607
951,2013년,52,첫 사랑니 (Rum Pum Pum Pum),f(x),"74,098",2194266,4184826
952,2013년,53,YooHoo (유후),시크릿,"28,818",2183466,4101639
953,2013년,54,Rose,이하이,"86,001",2177337,4070103
954,2013년,55,너 하나야,포맨 (4MEN),"41,807",2187663,4132144
955,2013년,56,I'm Sorry,CNBLUE (씨엔블루),"32,303",2172462,4011608
956,2013년,57,너에게,성시경,"103,860",2213824,4300699
957,2013년,58,가수가 된 이유,신용재 (2F),"87,364",2138690,3864961
958,2013년,59,Be OK (Feat. 배치기),유성은,"58,348",2192706,4172962
959,2013년,60,Black (Feat. 제니 of BLACKPINK),G-DRAGON,"118,533",2199192,4226210
960,2013년,61,1440,허각,"49,139",2173383,4027904
961,2013년,62,사랑은 타이밍,버스커 버스커,"54,111",2202410,4252727
962,2013년,63,강북멋쟁이,정형돈,"39,885",2171751,4004021
963,2013년,64,Shadow (그림자),비스트,"50,939",2193615,4180409
964,2013년,65,내일은 없어,트러블메이커,"37,057",2212999,4294284
965,2013년,66,그리고 하나,태연 (TAEYEON),"46,002",2177951,4056159
966,2013년,67,Falling In Love,2NE1,"32,932",2191762,4165390
967,2013년,68,되돌리다,이승기,"157,086",2167822,3968836
968,2013년,69,여자 대통령,걸스데이,"28,588",2190068,4152253
969,2013년,70,촌스럽게 왜 이래 (You Don't Know Love),케이윌,"42,646",2211378,4282578
970,2013년,71,미스터리 (Feat. San E),박지윤,"45,284",2211402,4282710
971,2013년,72,눈물이 맘을 훔쳐서,에일리(Ailee),"56,392",2213351,4296990
972,2013년,73,외국인의 고백,AKMU (악뮤),"56,409",2180390,4076109
973,2013년,74,Bad Girls,이효리,"35,165",2182643,4118143
974,2013년,75,24시간이 모자라,선미,"36,204",2197599,4212184
975,2013년,76,잘 있나요,The One (더원),"30,277",2185652,4117702
976,2013년,77,혼자라고 생각말기 (슈퍼스타 K5 송희진 오디션 참가곡),김보경 (NEON),"37,885",2170926,3996508
977,2013년,78,미스코리아,이효리,"33,986",2182643,4095862
978,2013년,79,어느 봄날,2am,"29,353",2177021,4048381
979,2013년,80,이게 사랑이 아니면 (Feat. 에일리),버벌진트,"41,681",2175738,4038121
980,2013년,81,바람기억,나얼,"216,949",2150856,3910821
981,2013년,82,예뻐 예뻐,레이디스 코드,"43,998",2199646,4230002
982,2013년,83,싫다,백지영,"18,581",2171346,4000640
983,2013년,84,Hush,미쓰에이,"33,374",2214670,4308010
984,2013년,85,카페인 (Feat. 용준형 Of BEAST),양요섭,"81,150",2168099,3971021
985,2013년,86,바빠 (Bad Boy),씨스타,"22,667",2188413,4138608
986,2013년,87,편지,다비치,"41,168",2214910,4309790
987,2013년,88,콩떡빙수,AKMU (악뮤),"35,018",2186215,4121653
988,2013년,89,해볼라고,형용돈죵 (정형돈 & G-DRAGON),"39,664",2214116,4302973
989,2013년,90,슬피 우는 새 (Feat. 이수영),아웃사이더,"34,383",2190225,4153450
990,2013년,91,만약에 말야 (전우성 Solo),노을,"82,812",2165918,3953196
991,2013년,92,모르시나요,다비치,"23,385",2175147,4033059
992,2013년,93,Dream Girl,SHINee (샤이니),"58,171",2175668,4037314
993,2013년,94,Officially Missing You,긱스 (Geeks),"187,714",1196552,3170749
994,2013년,95,넌 내꺼라는걸 (Feat. 스윙스),허각,"20,648",2196649,4204339
995,2013년,96,비범벅 (Feat. 범키),버벌진트,"27,122",2189912,4150987
996,2013년,97,그리워해요,2NE1,"77,106",2217249,4328659
997,2013년,98,Boogie On & On,빈지노 (Beenzino),"108,869",2134788,3843565
998,2013년,99,시작이 좋아 (Feat. 강민희 Of 미스에스),버벌진트,"39,191",2171790,4004361
999,2013년,100,Goodbye To Romance,써니힐,"73,510",2169918,3986978
1000,2012년,1,강남스타일,싸이 (PSY),"129,738",2137275,3853978
1001,2012년,2,나혼자 (Alone),씨스타,"49,580",2107508,3763493
1002,2012년,3,벚꽃 엔딩,버스커 버스커,"335,944",2097226,3753304
1003,2012년,4,Loving U (러빙유),씨스타,"81,545",2131509,3837683
1004,2012년,5,FANTASTIC BABY,BIGBANG (빅뱅),"96,260",2084128,3715676
1005,2012년,6,I Love You,2NE1,"64,016",2136463,3847197
1006,2012년,7,정말로 사랑한다면,버스커 버스커,"105,253",2128229,3832101
1007,2012년,8,Heaven,에일리(Ailee),"86,346",2077426,3701333
1008,2012년,9,하루 끝,아이유,"171,533",2121646,3795586
1009,2012년,10,첫사랑,버스커 버스커,"104,666",2097226,3753302
1010,2012년,11,Lovey-Dovey,티아라,"29,667",2058067,3663978
1011,2012년,12,Twinkle,소녀시대-태티서 (Girls' Generation-TTS),"48,728",2117429,3783041
1012,2012년,13,바람기억,나얼,"216,949",2150856,3910821
1013,2012년,14,나를 사랑했던 사람아,허각,"114,292",2105027,3758104
1014,2012년,15,여수 밤바다,버스커 버스커,"155,328",2097226,3753303
1015,2012년,16,MONSTER,BIGBANG (빅뱅),"71,090",2125847,3818487
1016,2012년,17,I Need You,허각,"122,748",2145068,3884575
1017,2012년,18,BLUE,BIGBANG (빅뱅),"111,104",2084128,3715672
1018,2012년,19,목소리 (Feat. 개리 Of 리쌍),백지영,"31,359",2121835,3791867
1019,2012년,20,Like this,원더걸스,"30,358",2125515,3815739
1020,2012년,21,이러지마 제발 (Please Don't...),케이윌,"81,912",2152296,3922071
1021,2012년,22,너랑 나,아이유,"157,287",2040666,3625504
1022,2012년,23,"1,2,3,4 (원,투,쓰리,포)",이하이,"75,201",2165012,3946768
1023,2012년,24,보여줄게,에일리(Ailee),"100,540",2153251,3929469
1024,2012년,25,충분히 예뻐 (feat. 산체스 Of 팬텀),버벌진트,"59,533",2128226,3832079
1025,2012년,26,먼지가 되어,로이킴,"60,499",2153095,3928293
1026,2012년,27,DAY BY DAY,티아라,"46,484",2133148,3840800
1027,2012년,28,애상,10CM,"87,193",2059186,3666573
1028,2012년,29,어땠을까 (Feat. 박정현),싸이 (PSY),"157,696",2137275,3853980
1029,2012년,30,Electric Shock,f(x),"37,222",2126375,3822622
1030,2012년,31,뜨거운 안녕 (Feat. 성시경),싸이 (PSY),"83,139",2137275,3853977
1031,2012년,32,illa illa (일라 일라),JUNIEL,"80,208",2124713,3820647
1032,2012년,33,크레용 (Crayon),G-DRAGON,"60,788",2147867,3906377
1033,2012년,34,그댈 마주하는건 힘들어 (그마힘),버스커 버스커,"64,095",2128229,3832098
1034,2012년,35,피어나,가인,"66,145",2150966,3911750
1035,2012년,36,Trouble Maker,트러블메이커,"42,622",2043387,3630755
1036,2012년,37,립스틱 (LIPSTICK),오렌지 캬라멜,"33,419",2149881,3903316
1037,2012년,38,"Officially Missing You, Too",긱스 (Geeks),"110,712",2165024,3946867
1038,2012년,39,꽃송이가,버스커 버스커,"99,193",2097226,3753309
1039,2012년,40,Only One,보아 (BoA),"96,676",2138075,3859894
1040,2012년,41,거기서거기 (Without You),다이나믹 듀오,"56,955",2058415,3665143
1041,2012년,42,아름다운 밤,울랄라세션,"40,321",2123522,3798160
1042,2012년,43,Missing You (Feat. 김윤아 Of 자우림),G-DRAGON,"120,604",2147867,3906383
1043,2012년,44,굿모닝 (Feat. 권정열 Of 10cm),버벌진트,"60,321",2126130,3820695
1044,2012년,45,춥다 (Feat. 이하이),에픽하이 (EPIK HIGH),"68,626",2152351,3922586
1045,2012년,46,Touch,미쓰에이,"16,159",2082826,3713013
1046,2012년,47,너도 나처럼,2am,"21,867",2092046,3731994
1047,2012년,48,Volume Up,4minute,"20,533",2108004,3764899
1048,2012년,49,이상형,버스커 버스커,"28,179",2097226,3743293
1049,2012년,50,19금 그XX,G-DRAGON,"101,792",2147867,3894730
1050,2012년,51,아름다운 밤이야,비스트,"61,282",2138116,3860282
1051,2012년,52,2HOT,지나,"12,580",2124707,3808405
1052,2012년,53,생각날거야,다비치,"17,287",2076258,3699257
1053,2012년,54,남자 없이 잘 살아,미쓰에이,"34,376",2153096,3928294
1054,2012년,55,Midnight (별 헤는 밤),비스트,"57,479",2137318,3854238
1055,2012년,56,그리워 그리워,노을,"71,034",2024088,3585793
1056,2012년,57,BAD BOY,BIGBANG (빅뱅),"73,489",2084128,3715674
1057,2012년,58,되돌리다,이승기,"157,086",2167822,3968836
1058,2012년,59,SEXY LOVE,티아라,"36,498",2148527,3893934
1059,2012년,60,귀여워 (With 권정열 Of 10cm),별,"50,100",2161086,3940533
1060,2012년,61,She's Gone,디셈버,"24,871",2119766,3787653
1061,2012년,62,"? (물음표) (Feat. 최자 Of 다이나믹듀오, Zion.T)",프라이머리,"113,098",2161126,3947371
1062,2012년,63,하지 못한 말,노을,"92,939",2165918,3953192
1063,2012년,64,LOVE DAY,양요섭,"89,638",2093190,3734735
1064,2012년,65,남자도 우나요,다비치,"32,779",2138790,3866006
1065,2012년,66,너뿐이야 (You're The One),박진영,"25,770",2115691,3786914
1066,2012년,67,외로움증폭장치 (브래드 드럼 한판 쉬기),버스커 버스커,"48,860",2097226,3753305
1067,2012년,68,Good Boy (Feat. 용준형 Of 비스트),백지영,"12,732",2121835,3804268
1068,2012년,69,니가 필요해 (I Need You),케이윌,"52,746",2079769,3706380
1069,2012년,70,지독하게,FTISLAND (FT아일랜드),"40,701",2072048,3689468
1070,2012년,71,"씨스루 (Feat. 개코, Zion.T)",프라이머리,"31,716",2115647,3779134
1071,2012년,72,널 사랑하겠어,효린,"30,761",2067506,3681993
1072,2012년,73,나쁜놈 (Feat. 소야),마이티 마우스,"24,196",2123313,3796159
1073,2012년,74,I 돈 Care (Feat. 서수민PD),용감한 녀석들,"11,383",2123770,3800393
1074,2012년,75,내가 노래를 못해도,SE7EN,"17,329",2072673,3691429
1075,2012년,76,안좋을때 들으면 더 안좋은 노래,형돈이와 대준이,"28,303",2125923,3818839
1076,2012년,77,베짱이 찬가,써니힐,"27,255",2064311,3675692
1077,2012년,78,우리 사랑했잖아,다비치,"26,659",2053887,3654576
1078,2012년,79,곰인형 (Feat. 해금),린,"70,995",2093727,3736176
1079,2012년,80,말리꽃 (원곡가수 이승철),이정(J.Lee),"24,681",2153066,3928194
1080,2012년,81,난리나,블락비 (Block B),"41,084",2073331,3692955
1081,2012년,82,STILL ALIVE,BIGBANG (빅뱅),"41,475",2125847,3818486
1082,2012년,83,추격자,인피니트,"70,148",2123894,3801396
1083,2012년,84,POISON,시크릿,"15,185",2150120,3904614
1084,2012년,85,휘파람,로이킴,"53,803",2157826,3936237
1085,2012년,86,이럴 줄 알았어,비스트,"27,469",2069786,3685853
1086,2012년,87,Ice Cream (Feat. Maboos),현아,"19,581",2157426,3935594
1087,2012년,88,Officially Missing You,긱스 (Geeks),"187,714",1196552,3170749
1088,2012년,89,Falling,존박,"68,958",2083726,3714473
1089,2012년,90,Pandora,카라,"20,532",2146186,3886294
1090,2012년,91,아프다,허각,"18,189",2150236,3905489
1091,2012년,92,Sherlock•셜록 (Clue + Note),SHINee (샤이니),"70,050",2093546,3735693
1092,2012년,93,떠나간다,노을,"15,799",2112227,3772625
1093,2012년,94,미치겠어,틴탑,"28,315",2059007,3666277
1094,2012년,95,서쪽 하늘,울랄라세션,"60,568",2026966,3593455
1095,2012년,96,니가 싫어,어반자카파,"49,985",2149100,3897152
1096,2012년,97,사랑은 다 그런거래요,양파,"19,749",2106226,3759927
1097,2012년,98,닐리리맘보,블락비 (Block B),"59,032",2153172,3928713
1098,2012년,99,Hey You,CNBLUE (씨엔블루),"16,084",2093776,3747933
1099,2012년,100,소나기 (주르르루),버스커 버스커,"25,908",2128229,3832100
1100,2011년,1,Roly-Poly,티아라,"47,074",1317401,3457172
1101,2011년,2,바람났어 (Feat. 박봄),GG (박명수 & G-Dragon),"26,214",1324270,3467463
1102,2011년,3,내가 제일 잘 나가,2NE1,"41,795",1315551,3452769
1103,2011년,4,비가 오는 날엔,비스트,"134,239",1272951,3397448
1104,2011년,5,"19금 TV를 껐네... (Feat. t윤미래, 권정열 Of 10cm)",리쌍,"61,825",2007739,3527235
1105,2011년,6,So Cool (쏘쿨),씨스타,"33,027",2006957,3521672
1106,2011년,7,UGLY,2NE1,"56,340",1356152,3509751
1107,2011년,8,좋은 날,아이유,"154,178",1093562,3051244
1108,2011년,9,살다가 한번쯤,포맨 (4MEN),"45,572",1294153,3427926
1109,2011년,10,안녕이라고 말하지마,다비치,"89,948",2008890,3536905
1110,2011년,11,그리워 그리워,노을,"71,034",2024088,3585793
1111,2011년,12,Good-bye Baby,미쓰에이,"22,422",1339951,3488849
1112,2011년,13,Hello,허각,"114,442",2012587,3549031
1113,2011년,14,Hands Up,2PM,"17,415",1312258,3448185
1114,2011년,15,별빛달빛,시크릿,"30,735",1290562,3424822
1115,2011년,16,Hot Summer,f(x),"39,452",1306051,3440448
1116,2011년,17,Lonely,2NE1,"18,051",1273259,3397797
1117,2011년,18,압구정 날라리,처진 달팽이 (유재석 & 이적),"19,326",1324270,3467466
1118,2011년,19,끝사랑,김범수,"125,040",1302654,3436083
1119,2011년,20,Be My Baby,원더걸스,"39,419",2030418,3600223
1120,2011년,21,The Boys,소녀시대 (GIRLS' GENERATION),"29,697",2017426,3565193
1121,2011년,22,서쪽 하늘,울랄라세션,"60,568",2026966,3593455
1122,2011년,23,동경소녀,버스커 버스커,"40,424",2017466,3565240
1123,2011년,24,Fiction,비스트,"67,858",1276855,3403761
1124,2011년,25,제발,김범수,"24,482",1228854,3337773
1125,2011년,26,Don't Cry,박봄 (Park Bom),"29,602",1254063,3373007
1126,2011년,27,샤이보이,시크릿,"20,550",1125351,3089448
1127,2011년,28,Bubble Pop!,현아,"36,184",1324851,3468048
1128,2011년,29,Black & White,지나,"17,817",1143954,3111583
1129,2011년,30,회상 (Feat. 백지영),리쌍,"50,502",2007739,3534943
1130,2011년,31,톡톡 (Tok Tok) (Feat. SOYA),마이티 마우스,"23,902",1143054,3110565
1131,2011년,32,Hate You,2NE1,"10,482",1356152,3488750
1132,2011년,33,Cry Cry,티아라,"27,766",2033270,3607859
1133,2011년,34,TONIGHT,BIGBANG (빅뱅),"44,296",1184151,3156950
1134,2011년,35,Oh Yeah (Feat. 박봄),GD&TOP,"30,891",1104951,3065250
1135,2011년,36,Ma Boy (마보이),씨스타19,"37,720",1263051,3385548
1136,2011년,37,나만 몰랐던 이야기,아이유,"105,713",1173161,3143550
1137,2011년,38,여우야,투개월,"22,851",2017466,3565243
1138,2011년,39,반짝반짝,걸스데이,"28,697",1211952,3319849
1139,2011년,40,Sixth Sense,브라운아이드걸스,"30,725",2013176,3557196
1140,2011년,41,사랑은 Move,시크릿,"11,201",2020148,3573326
1141,2011년,42,내꺼중에 최고,이현,"19,531",1168952,3138749
1142,2011년,43,High High,GD&TOP,"29,552",1104951,3065249
1143,2011년,44,달의 몰락,울랄라세션,"12,152",2017466,3565242
1144,2011년,45,죽고 싶단 말 밖에,허각,"24,971",2031086,3602154
1145,2011년,46,연애시대 (Feat. Ra.D) (Narr. 한효주),이승기,"21,935",2020067,3573175
1146,2011년,47,미친거니 (Feat. 방용국),송지은,"30,523",1190551,3164048
1147,2011년,48,그 남자 그 여자,포맨 (4MEN),"23,054",2025499,3590149
1148,2011년,49,사랑 사랑아,다비치,"14,134",2008890,3536906
1149,2011년,50,STEP,카라,"54,331",2009327,3538478
1150,2011년,51,막걸리나,버스커 버스커,"18,807",2026966,3593454
1151,2011년,52,피노키오 (Danger),f(x),"26,279",1248368,3366160
1152,2011년,53,직감,CNBLUE (씨엔블루),"20,528",1195654,3169779
1153,2011년,54,처음 사랑하는 연인들을 위해 (반말송),정용화,"34,481",1139654,3106066
1154,2011년,55,나란 놈은 답은 너다 (Feat. 하림),리쌍,"42,149",2007739,3534941
1155,2011년,56,Mr. Simple,SUPER JUNIOR (슈퍼주니어),"17,588",1360352,3516563
1156,2011년,57,가슴이 뛴다,케이윌,"50,557",1197653,3172166
1157,2011년,58,Top Girl,지나,"10,458",2008341,3532821
1158,2011년,59,너랑 나,아이유,"157,286",2040666,3625504
1159,2011년,60,친구잖아,이승기,"11,096",2025426,3589429
1160,2011년,61,좋아보여 (Feat. 검정치마),버벌진트,"65,914",2009410,3538775
1161,2011년,62,랄랄라 (Feat. 소야),마이티 마우스,"32,635",1318477,3460102
1162,2011년,63,LOVE SONG,BIGBANG (빅뱅),"48,629",1236055,3349297
1163,2011년,64,나만 부를 수 있는 노래,바닷길 (길 & 바다),"17,943",1324270,3467462
1164,2011년,65,잘 된 일이야,나비 (Navi),"44,540",1142651,3110148
1165,2011년,66,CAFE,BIGBANG (빅뱅),"56,680",1184151,3156953
1166,2011년,67,그 입술을 막아본다,에이트,"18,034",1311069,3446888
1167,2011년,68,니까짓게,씨스타,"13,519",1085053,3037051
1168,2011년,69,순정마초,파리돼지앵 (정형돈 & 정재형),"8,618",1324270,3467461
1169,2011년,70,내꺼하자,인피니트,"58,473",1339753,3488667
1170,2011년,71,얼음꽃 (Feat. 김세황),아이유,"63,659",1313571,3450190
1171,2011년,72,Open Arms (Journey) (Feat. 크리스티나),울랄라세션,"6,668",2019070,3570032
1172,2011년,73,난 좋아,성시경,"23,105",2011288,3550136
1173,2011년,74,Midnight Circus,써니힐,"16,584",1292552,3422448
1174,2011년,75,클렌징크림,브라운아이드걸스,"18,405",2029169,3597417
1175,2011년,76,거울아 거울아,4minute,"10,811",1235959,3349210
1176,2011년,77,아메리카노,10CM,"20,804",988352,2793050
1177,2011년,78,내가 이렇지 (Feat. 하동균),지아,"17,900",2015988,3561276
1178,2011년,79,사랑은 은하수 다방에서,10CM,"96,559",1166956,3136472
1179,2011년,80,가슴 시린 이야기 (Feat. 용준형 Of Beast),휘성 (Realslow),"62,592",1199451,3174148
1180,2011년,81,WHAT IS RIGHT,BIGBANG (빅뱅),"26,640",1184151,3156952
1181,2011년,82,정류장,버스커 버스커,"67,804",2021189,3576486
1182,2011년,83,흔들어 주세요,철싸 (노홍철 & 싸이),"11,824",1324270,3467467
1183,2011년,84,Shampoo,애프터스쿨,"37,242",1258257,3379391
1184,2011년,85,나와 같다면 (김장훈),김연우,"26,174",1283751,3411851
1185,2011년,86,말하는 대로,처진 달팽이 (유재석 & 이적),"68,777",1324270,3471644
1186,2011년,87,"Get It In (Feat. Tiger JK, 정인) (Korean Ver.)",윤미래,"9,487",2025363,3588757
1187,2011년,88,왜 (Keep Your Head Down),동방신기 (TVXQ!),"15,988",1125251,3089348
1188,2011년,89,"Grand Final (Feat. 정인, MC 날유)",리쌍,"4,252",1356151,3509748
1189,2011년,90,모나리자 (Mona Lisa),엠블랙,"8,371",1334167,3480463
1190,2011년,91,서울사람들,버스커 버스커,"17,456",2036032,3614345
1191,2011년,92,Hello Hello,FTISLAND (FT아일랜드),"11,561",1283353,3411459
1192,2011년,93,남자니까 웃는거야,"Homme (창민, 이현)","6,183",1337552,3485088
1193,2011년,94,하루하루,김보경 (NEON),"21,549",1150353,3118780
1194,2011년,95,Supa Dupa Diva,달샤벳,"11,960",1123990,3087888
1195,2011년,96,To Me (내게로..),레인보우,"10,556",1238353,3352959
1196,2011년,97,Heart To Heart,4minute,"15,835",1229964,3339283
1197,2011년,98,샹하이 로맨스 (上海之戀),오렌지 캬라멜,"19,704",2019316,3570725
1198,2011년,99,나쁘다 (feat. 진실),Tablo,"14,980",2020402,3584075
1199,2011년,100,이러쿵 저러쿵,F-ve Dolls,"10,318",1271651,3395649
1200,2010년,1,Bad Girl Good Girl,미쓰에이,"45,657",941952,2741416
1201,2010년,2,잔소리 (With 2AM 슬옹),아이유,"100,930",911358,2705410
1202,2010년,3,죽을 만큼 아파서 (Feat. 멜로우),MC몽,"99,557",935651,2733249
1203,2010년,4,못해 (Feat. 美),포맨 (4MEN),"89,208",772051,2544949
1204,2010년,5,죽어도 못 보내,2am,"25,917",776152,2549955
1205,2010년,6,Oh!,소녀시대 (GIRLS' GENERATION),"32,338",779656,2554001
1206,2010년,7,2 Different Tears,원더걸스,"20,360",892654,2684572
1207,2010년,8,너 때문에 미쳐,티아라,"23,676",809262,2587788
1208,2010년,9,밥만 잘 먹더라,"Homme (창민, 이현)","39,376",973965,2776748
1209,2010년,10,Go Away,2NE1,"54,220",1017253,2930968
1210,2010년,11,루팡 (Lupin),카라,"29,474",802252,2579459
1211,2010년,12,시간아 멈춰라,다비치,"29,098",880151,2670748
1212,2010년,13,Can't Nobody,2NE1,"23,763",1017253,2930967
1213,2010년,14,외톨이야,CNBLUE (씨엔블루),"32,310",768154,2540268
1214,2010년,15,그땐 그땐 그땐,Supreme Team,"98,316",1030195,2951700
1215,2010년,16,사랑이 술을 가르쳐 (Feat. 백찬 From 8eight),이승기,"31,670",773051,2546258
1216,2010년,17,고백,뜨거운 감자,"87,596",842655,2627301
1217,2010년,18,Love,CNBLUE (씨엔블루),"20,371",884652,2679548
1218,2010년,19,19금 나 이런사람이야,DJ DOC,"13,893",968252,2783154
1219,2010년,20,HUH,4minute,"8,046",896751,2688949
1220,2010년,21,뱅(Bang) !,애프터스쿨,"18,622",838454,2621364
1221,2010년,22,Run Devil Run,소녀시대 (GIRLS' GENERATION),"25,010",830051,2611648
1222,2010년,23,NU 예삐오 (NU ABO),f(x),"30,444",876652,2667293
1223,2010년,24,Magic,시크릿,"10,599",844351,2629049
1224,2010년,25,Change (Feat. 용준형 From Beast),현아,"11,583",759051,2529931
1225,2010년,26,Breathe,미쓰에이,"10,645",1028251,2948449
1226,2010년,27,본능적으로 (Feat. Swings),강승윤,"37,160",1040256,2967751
1227,2010년,28,땡땡땡,Supreme Team,"27,859",911359,2705414
1228,2010년,29,Bubble Love,MC몽,"51,443",817052,2596161
1229,2010년,30,잘못했어,2am,"8,302",828461,2609744
1230,2010년,31,널 붙잡을 노래,비,"17,107",841954,2626610
1231,2010년,32,우리 사랑하게 됐어요.,가인,"29,616",744962,2511561
1232,2010년,33,별이될께,디셈버,"25,234",890651,2682148
1233,2010년,34,전활 받지 않는 너에게,2am,"28,502",1046966,2979880
1234,2010년,35,훗 (Hoot),소녀시대 (GIRLS' GENERATION),"22,925",1051951,2987448
1235,2010년,36,아파 (Slow),2NE1,"40,686",1017253,2930971
1236,2010년,37,흩어져,먼데이 키즈 (Monday Kiz),"5,398",862970,2650539
1237,2010년,38,Shock,비스트,"34,584",814562,2593618
1238,2010년,39,배운게 사랑이라,디셈버,"16,107",816957,2596063
1239,2010년,40,다시 와주라,바이브,"42,586",889152,2680552
1240,2010년,41,이 거지같은 말 (With 정엽 Of 브라운 아이드 소울),서영은,"9,829",870651,2660148
1241,2010년,42,I Need A Girl (Feat. G-dragon),태양,"33,445",943464,2741397
1242,2010년,43,원더우먼,씨야,"27,681",763251,2534748
1243,2010년,44,박수쳐,2NE1,"11,168",1017253,2930969
1244,2010년,45,난 너에게,다비치,"26,036",979852,2783260
1245,2010년,46,꺼져 줄게 잘 살아 (Feat. 용준형),지나,"17,086",960351,2759748
1246,2010년,47,처음처럼,티아라,"18,175",727252,2371261
1247,2010년,48,사랑 빛,CNBLUE (씨엔블루),"42,131",884652,2675871
1248,2010년,49,사랑사랑사랑,FTISLAND (FT아일랜드),"19,072",1001652,2906349
1249,2010년,50,Push Push (푸시 푸시),씨스타,"10,591",911357,2705407
1250,2010년,51,웃어 줄 수 없어서 미안하다,2am,"7,248",776152,2549956
1251,2010년,52,Without U,2PM,"8,961",861656,2648642
1252,2010년,53,Y,엠블랙,"8,118",892553,2684461
1253,2010년,54,고백하던 날,조권,"12,728",943653,2741566
1254,2010년,55,가식걸,씨스타,"14,474",1003278,2908515
1255,2010년,56,언제나,허각,"30,060",1063754,3006873
1256,2010년,57,Madonna,시크릿,"8,812",992151,2797558
1257,2010년,58,queen,손담비,"14,489",944653,2748528
1258,2010년,59,왜,Supreme Team,"25,721",1011772,2924048
1259,2010년,60,사랑이라 쓰고 아픔이라 부른다,서인영,"33,031",909755,2703101
1260,2010년,61,Right Now,싸이 (PSY),"20,825",1044555,2979490
1261,2010년,62,Chitty Chitty Bang Bang (Feat. Ceejay Of Freshboyz),이효리,"14,223",846251,2640165
1262,2010년,63,A,레인보우,"25,546",997052,2803451
1263,2010년,64,Hurricane Venus,보아 (BoA),"13,662",978853,2788757
1264,2010년,65,I My Me Mine,4minute,"6,063",896751,2688951
1265,2010년,66,결혼까지 생각했어,휘성 (Realslow),"45,861",1000465,2903041
1266,2010년,67,숨,비스트,"24,884",1028051,2948248
1267,2010년,68,아프니까 사랑이죠,민경훈,"18,988",790959,2566853
1268,2010년,69,돌이킬 수 없는,가인,"13,102",1030451,2960448
1269,2010년,70,사랑해 U,서인국,"12,327",880751,2671449
1270,2010년,71,그대네요,성시경,"87,164",1029252,2949854
1271,2010년,72,너 때문에,애프터스쿨,"24,994",723759,2366796
1272,2010년,73,가슴에 살아 (Feat. 나르샤 Of Brown Eyed Girls),언터쳐블,"31,141",790957,2566835
1273,2010년,74,Bo Peep Bo Peep,티아라,"15,373",727252,2371262
1274,2010년,75,죽어도 사랑해,거미,"6,264",1031855,2954935
1275,2010년,76,Better Together,SE7EN,"5,345",963051,2772064
1276,2010년,77,너 아니면 안돼,예성 (YESUNG),"29,477",843252,2627950
1277,2010년,78,비켜줄께,브라운 아이드 소울,"19,749",838452,2621349
1278,2010년,79,정신이 나갔었나봐,이승기,"12,255",988353,2793051
1279,2010년,80,Lucifer,SHINee (샤이니),"29,913",966451,2768149
1280,2010년,81,선물 (Feat. 은지원),케이윌,"28,044",821856,2601592
1281,2010년,82,그 사람,이승철,"31,884",959951,2759248
1282,2010년,83,U,포맨 (4MEN),"17,001",1004461,2910952
1283,2010년,84,주변인,아웃사이더,"11,341",814651,2593649
1284,2010년,85,술 한잔 해요,지아,"91,036",741758,2425149
1285,2010년,86,해바라기 (FEAT. 써니사이드 MJ),가비엔제이,"39,805",765653,2537464
1286,2010년,87,헤어지러 가는 길 (Feat. 조권),임정희,"5,446",1024955,2940474
1287,2010년,88,웃음만..,지아,"14,912",987954,2792665
1288,2010년,89,오늘 헤어졌어요,윤하 (YOUNHA),"88,685",741853,2425271
1289,2010년,90,남자라서,거미,"8,811",876456,2667088
1290,2010년,91,그여자,백지영,"28,105",1071555,3018898
1291,2010년,92,삐리빠빠,나르샤 (Brown Eyed Girls),"6,554",948853,2746858
1292,2010년,93,시간이 지나면,백지영,"3,071",940564,2738241
1293,2010년,94,마법소녀 (魔法少女),오렌지 캬라멜,"19,428",924053,2719683
1294,2010년,95,사랑이 올까요 (With 백지영),마이티 마우스,"15,034",822151,2601848
1295,2010년,96,Hip Song,비,"9,490",841954,2626611
1296,2010년,97,가로수 그늘 아래 서면,장재인(JEIN),"16,734",1053361,2989873
1297,2010년,98,이별이 온다,에이트,"6,548",882152,2673348
1298,2010년,99,19금 부치지 못한 편지,DJ DOC,"16,031",968252,2783256
1299,2010년,100,Bye Bye Bye,박화요비,"12,659",904355,2697459
